Workbook

Sheet Instructions
A1: Resource Loading Schedule — September to Year End
A4: Purpose | B4: Week-by-week field resource requirement, Sept 2026 to year end, so we can see where crews are needed and when.
A6: PMs — what to do | B6: Open YOUR tab (named for you). Enter FTE per week against each row. FTE = full-time equivalents, e.g. 2.5 = two and a half people that week.
A8: Two ways to enter | B8: Both roll up identically — use whichever suits the job.
A9: Option A — by Job | B9: Your live jobs are already listed. Pick the Trade for the row, then enter FTE by week. Need more than one trade on a job? Copy the row and change the Trade.
A10: Option B — by Client | B10: Don't want job-level detail? Use the blank rows at the bottom: leave Job # empty, choose the Client and Trade, then enter FTE by week.
A12: Cells you edit | B12: Yellow cells only. Everything else is a formula — please don't overwrite.
A13: Blue text | B13: A number you typed in.
A14: Green text | B14: A figure pulled from another tab.
A16: Summaries | B16: 'Summary - Trade' and 'Summary - Client' are 100% formula driven and update themselves. Nothing to fill in there.
A18: Adding rows | B18: Insert anywhere between rows 4 and 400 on your tab — the summaries already cover that range.
A19: Trades list | B19: Held on the 'Lists' tab. If a trade is missing, add it there and it appears in the dropdowns and on the summary.
A21: ASSUMPTION — please confirm | B21: The trade list is a first pass and has NOT been agreed. Ken / PMs to confirm the categories before this goes out.
... A23: Source | B23: Job, client and PM data from the 'Input - Project List' tab (205 active jobs).
A26: EXAMPLE — how a filled row looks
A27: Job # | B27: Description | C27: Client | D27: Contract | E27: Trade | F27: 05-Sep | G27: 12-Sep | H27: 19-Sep
A28: 01-26-020 | B28: Nova Corunna - Heater BA-2107 | C28: Nova Chemicals Corporation | D28: T&M | E28: Boilermaker | F28: 4 | G28: 4 | H28: 2.5
B29: (leave blank = plan by client) | C29: Shell Canada Products | E29: Pipefitter / Steamfitter | F29: 2 | G29: 2
A30: Row 1 is job-level. Row 2 is client-level — Job # left blank. Both add into the same summary totals.

Sheet Summary - Trade
A1: RESOURCE SUMMARY — FTE by Trade and Week Ending
A2: Formula driven. Pulls from every PM tab — nothing to fill in here.
A3: Trade | B3: 46270 | C3: 46277 | D3: 46284 | E3: 46291 | F3: 46298 | G3: 46305 | H3: 46312 | I3: 46319 | J3: 46326 | K3: 46333 | L3: 46340 | M3: 46347 | N3: 46354 | O3: 46361 | P3: 46368 | Q3: 46375 | R3: 46382 | S3: 46389 | T3: Total
A4: Boilermaker | B4: =SUMIFS('Barrett, Ken'!F$4:F$31,'Barrett, Ken'!$E$4:$E$31,$A4)+SUMIFS('Brundage, Eric'!F$4:F$39,'Brundage, Eric'!$E$4:$E$39,$A4)+SUMIFS('Dubois, Joe'!F$4:F$70,'Dubois, Joe'!$E$4:$E$70,$A4)+SUMIFS('Gould, Kyle'!F$4:F$53,'Gould, Kyle'!$E$4:$E$53,$A4)+SUMIFS('Jamer, Douglas'!F$4:F$33,'Jamer, Douglas'!$E$4:$E$33,$A4)+SUMIFS('Kennedy, Michael'!F$4:F$87,'Kennedy, Michael'!$E$4:$E$87,$A4)+SUMIFS('Kennedy, Vince'!F$4:F$29,'Kennedy, Vince'!$E$4:$E$29,$A4)+SUMIFS('Morningstar, Jeremy J'!F$4:F$50,'Morningstar, Jeremy J'!$E$4:$E$50,$A4)+SUMIFS('Pendlebury, Jay'!F$4:F$31,'Pendlebury, Jay'!$E$4:$E$31,$A4)+SUMIFS('Poore, Jordan'!F$4:F$32,'Poore, Jordan'!$E$4:$E$32,$A4)+SUMIFS('Powers, Dave'!F$4:F$58,'Powers, Dave'!$E$4:$E$58,$A4) -> 0 | C4: =SUMIFS('Barrett, Ken'!G$4:G$31,'Barrett, Ken'!$E$4:$E$31,$A4)+SUMIFS('Brundage, Eric'!G$4:G$39,'Brundage, Eric'!$E$4:$E$39,$A4)+SUMIFS('Dubois, Joe'!G$4:G$70,'Dubois, Joe'!$E$4:$E$70,$A4)+SUMIFS('Gould, Kyle'!G$4:G$53,'Gould, Kyle'!$E$4:$E$53,$A4)+SUMIFS('Jamer, Douglas'!G$4:G$33,'Jamer, Douglas'!$E$4:$E$33,$A4)+SUMIFS('Kennedy, Michael'!G$4:G$87,'Kennedy, Michael'!$E$4:$E$87,$A4)+SUMIFS('Kennedy, Vince'!G$4:G$29,'Kennedy, Vince'!$E$4:$E$29,$A4)+SUMIFS('Morningstar, Jeremy J'!G$4:G$50,'Morningstar, Jeremy J'!$E$4:$E$50,$A4)+SUMIFS('Pendlebury, Jay'!G$4:G$31,'Pendlebury, Jay'!$E$4:$E$31,$A4)+SUMIFS('Poore, Jordan'!G$4:G$32,'Poore, Jordan'!$E$4:$E$32,$A4)+SUMIFS('Powers, Dave'!G$4:G$58,'Powers, Dave'!$E$4:$E$58,$A4) -> 0 | D4: =SUMIFS('Barrett, Ken'!H$4:H$31,'Barrett, Ken'!$E$4:$E$31,$A4)+SUMIFS('Brundage, Eric'!H$4:H$39,'Brundage, Eric'!$E$4:$E$39,$A4)+SUMIFS('Dubois, Joe'!H$4:H$70,'Dubois, Joe'!$E$4:$E$70,$A4)+SUMIFS('Gould, Kyle'!H$4:H$53,'Gould, Kyle'!$E$4:$E$53,$A4)+SUMIFS('Jamer, Douglas'!H$4:H$33,'Jamer, Douglas'!$E$4:$E$33,$A4)+SUMIFS('Kennedy, Michael'!H$4:H$87,'Kennedy, Michael'!$E$4:$E$87,$A4)+SUMIFS('Kennedy, Vince'!H$4:H$29,'Kennedy, Vince'!$E$4:$E$29,$A4)+SUMIFS('Morningstar, Jeremy J'!H$4:H$50,'Morningstar, Jeremy J'!$E$4:$E$50,$A4)+SUMIFS('Pendlebury, Jay'!H$4:H$31,'Pendlebury, Jay'!$E$4:$E$31,$A4)+SUMIFS('Poore, Jordan'!H$4:H$32,'Poore, Jordan'!$E$4:$E$32,$A4)+SUMIFS('Powers, Dave'!H$4:H$58,'Powers, Dave'!$E$4:$E$58,$A4) -> 0 | E4: =SUMIFS('Barrett, Ken'!I$4:I$31,'Barrett, Ken'!$E$4:$E$31,$A4)+SUMIFS('Brundage, Eric'!I$4:I$39,'Brundage, Eric'!$E$4:$E$39,$A4)+SUMIFS('Dubois, Joe'!I$4:I$70,'Dubois, Joe'!$E$4:$E$70,$A4)+SUMIFS('Gould, Kyle'!I$4:I$53,'Gould, Kyle'!$E$4:$E$53,$A4)+SUMIFS('Jamer, Douglas'!I$4:I$33,'Jamer, Douglas'!$E$4:$E$33,$A4)+SUMIFS('Kennedy, Michael'!I$4:I$87,'Kennedy, Michael'!$E$4:$E$87,$A4)+SUMIFS('Kennedy, Vince'!I$4:I$29,'Kennedy, Vince'!$E$4:$E$29,$A4)+SUMIFS('Morningstar, Jeremy J'!I$4:I$50,'Morningstar, Jeremy J'!$E$4:$E$50,$A4)+SUMIFS('Pendlebury, Jay'!I$4:I$31,'Pendlebury, Jay'!$E$4:$E$31,$A4)+SUMIFS('Poore, Jordan'!I$4:I$32,'Poore, Jordan'!$E$4:$E$32,$A4)+SUMIFS('Powers, Dave'!I$4:I$58,'Powers, Dave'!$E$4:$E$58,$A4) -> 0 | F4: =SUMIFS('Barrett, Ken'!J$4:J$31,'Barrett, Ken'!$E$4:$E$31,$A4)+SUMIFS('Brundage, Eric'!J$4:J$39,'Brundage, Eric'!$E$4:$E$39,$A4)+SUMIFS('Dubois, Joe'!J$4:J$70,'Dubois, Joe'!$E$4:$E$70,$A4)+SUMIFS('Gould, Kyle'!J$4:J$53,'Gould, Kyle'!$E$4:$E$53,$A4)+SUMIFS('Jamer, Douglas'!J$4:J$33,'Jamer, Douglas'!$E$4:$E$33,$A4)+SUMIFS('Kennedy, Michael'!J$4:J$87,'Kennedy, Michael'!$E$4:$E$87,$A4)+SUMIFS('Kennedy, Vince'!J$4:J$29,'Kennedy, Vince'!$E$4:$E$29,$A4)+SUMIFS('Morningstar, Jeremy J'!J$4:J$50,'Morningstar, Jeremy J'!$E$4:$E$50,$A4)+SUMIFS('Pendlebury, Jay'!J$4:J$31,'Pendlebury, Jay'!$E$4:$E$31,$A4)+SUMIFS('Poore, Jordan'!J$4:J$32,'Poore, Jordan'!$E$4:$E$32,$A4)+SUMIFS('Powers, Dave'!J$4:J$58,'Powers, Dave'!$E$4:$E$58,$A4) -> 0 | G4: =SUMIFS('Barrett, Ken'!K$4:K$31,'Barrett, Ken'!$E$4:$E$31,$A4)+SUMIFS('Brundage, Eric'!K$4:K$39,'Brundage, Eric'!$E$4:$E$39,$A4)+SUMIFS('Dubois, Joe'!K$4:K$70,'Dubois, Joe'!$E$4:$E$70,$A4)+SUMIFS('Gould, Kyle'!K$4:K$53,'Gould, Kyle'!$E$4:$E$53,$A4)+SUMIFS('Jamer, Douglas'!K$4:K$33,'Jamer, Douglas'!$E$4:$E$33,$A4)+SUMIFS('Kennedy, Michael'!K$4:K$87,'Kennedy, Michael'!$E$4:$E$87,$A4)+SUMIFS('Kennedy, Vince'!K$4:K$29,'Kennedy, Vince'!$E$4:$E$29,$A4)+SUMIFS('Morningstar, Jeremy J'!K$4:K$50,'Morningstar, Jeremy J'!$E$4:$E$50,$A4)+SUMIFS('Pendlebury, Jay'!K$4:K$31,'Pendlebury, Jay'!$E$4:$E$31,$A4)+SUMIFS('Poore, Jordan'!K$4:K$32,'Poore, Jordan'!$E$4:$E$32,$A4)+SUMIFS('Powers, Dave'!K$4:K$58,'Powers, Dave'!$E$4:$E$58,$A4) -> 0 | H4: =SUMIFS('Barrett, Ken'!L$4:L$31,'Barrett, Ken'!$E$4:$E$31,$A4)+SUMIFS('Brundage, Eric'!L$4:L$39,'Brundage, Eric'!$E$4:$E$39,$A4)+SUMIFS('Dubois, Joe'!L$4:L$70,'Dubois, Joe'!$E$4:$E$70,$A4)+SUMIFS('Gould, Kyle'!L$4:L$53,'Gould, Kyle'!$E$4:$E$53,$A4)+SUMIFS('Jamer, Douglas'!L$4:L$33,'Jamer, Douglas'!$E$4:$E$33,$A4)+SUMIFS('Kennedy, Michael'!L$4:L$87,'Kennedy, Michael'!$E$4:$E$87,$A4)+SUMIFS('Kennedy, Vince'!L$4:L$29,'Kennedy, Vince'!$E$4:$E$29,$A4)+SUMIFS('Morningstar, Jeremy J'!L$4:L$50,'Morningstar, Jeremy J'!$E$4:$E$50,$A4)+SUMIFS('Pendlebury, Jay'!L$4:L$31,'Pendlebury, Jay'!$E$4:$E$31,$A4)+SUMIFS('Poore, Jordan'!L$4:L$32,'Poore, Jordan'!$E$4:$E$32,$A4)+SUMIFS('Powers, Dave'!L$4:L$58,'Powers, Dave'!$E$4:$E$58,$A4) -> 0 | I4: =SUMIFS('Barrett, Ken'!M$4:M$31,'Barrett, Ken'!$E$4:$E$31,$A4)+SUMIFS('Brundage, Eric'!M$4:M$39,'Brundage, Eric'!$E$4:$E$39,$A4)+SUMIFS('Dubois, Joe'!M$4:M$70,'Dubois, Joe'!$E$4:$E$70,$A4)+SUMIFS('Gould, Kyle'!M$4:M$53,'Gould, Kyle'!$E$4:$E$53,$A4)+SUMIFS('Jamer, Douglas'!M$4:M$33,'Jamer, Douglas'!$E$4:$E$33,$A4)+SUMIFS('Kennedy, Michael'!M$4:M$87,'Kennedy, Michael'!$E$4:$E$87,$A4)+SUMIFS('Kennedy, Vince'!M$4:M$29,'Kennedy, Vince'!$E$4:$E$29,$A4)+SUMIFS('Morningstar, Jeremy J'!M$4:M$50,'Morningstar, Jeremy J'!$E$4:$E$50,$A4)+SUMIFS('Pendlebury, Jay'!M$4:M$31,'Pendlebury, Jay'!$E$4:$E$31,$A4)+SUMIFS('Poore, Jordan'!M$4:M$32,'Poore, Jordan'!$E$4:$E$32,$A4)+SUMIFS('Powers, Dave'!M$4:M$58,'Powers, Dave'!$E$4:$E$58,$A4) -> 0 | ... S4: =SUMIFS('Barrett, Ken'!W$4:W$31,'Barrett, Ken'!$E$4:$E$31,$A4)+SUMIFS('Brundage, Eric'!W$4:W$39,'Brundage, Eric'!$E$4:$E$39,$A4)+SUMIFS('Dubois, Joe'!W$4:W$70,'Dubois, Joe'!$E$4:$E$70,$A4)+SUMIFS('Gould, Kyle'!W$4:W$53,'Gould, Kyle'!$E$4:$E$53,$A4)+SUMIFS('Jamer, Douglas'!W$4:W$33,'Jamer, Douglas'!$E$4:$E$33,$A4)+SUMIFS('Kennedy, Michael'!W$4:W$87,'Kennedy, Michael'!$E$4:$E$87,$A4)+SUMIFS('Kennedy, Vince'!W$4:W$29,'Kennedy, Vince'!$E$4:$E$29,$A4)+SUMIFS('Morningstar, Jeremy J'!W$4:W$50,'Morningstar, Jeremy J'!$E$4:$E$50,$A4)+SUMIFS('Pendlebury, Jay'!W$4:W$31,'Pendlebury, Jay'!$E$4:$E$31,$A4)+SUMIFS('Poore, Jordan'!W$4:W$32,'Poore, Jordan'!$E$4:$E$32,$A4)+SUMIFS('Powers, Dave'!W$4:W$58,'Powers, Dave'!$E$4:$E$58,$A4) -> 0 | T4: =SUM(B4:S4) -> 0
A5: Pipefitter / Steamfitter | B5: =SUMIFS('Barrett, Ken'!F$4:F$31,'Barrett, Ken'!$E$4:$E$31,$A5)+SUMIFS('Brundage, Eric'!F$4:F$39,'Brundage, Eric'!$E$4:$E$39,$A5)+SUMIFS('Dubois, Joe'!F$4:F$70,'Dubois, Joe'!$E$4:$E$70,$A5)+SUMIFS('Gould, Kyle'!F$4:F$53,'Gould, Kyle'!$E$4:$E$53,$A5)+SUMIFS('Jamer, Douglas'!F$4:F$33,'Jamer, Douglas'!$E$4:$E$33,$A5)+SUMIFS('Kennedy, Michael'!F$4:F$87,'Kennedy, Michael'!$E$4:$E$87,$A5)+SUMIFS('Kennedy, Vince'!F$4:F$29,'Kennedy, Vince'!$E$4:$E$29,$A5)+SUMIFS('Morningstar, Jeremy J'!F$4:F$50,'Morningstar, Jeremy J'!$E$4:$E$50,$A5)+SUMIFS('Pendlebury, Jay'!F$4:F$31,'Pendlebury, Jay'!$E$4:$E$31,$A5)+SUMIFS('Poore, Jordan'!F$4:F$32,'Poore, Jordan'!$E$4:$E$32,$A5)+SUMIFS('Powers, Dave'!F$4:F$58,'Powers, Dave'!$E$4:$E$58,$A5) -> 0 | C5: =SUMIFS('Barrett, Ken'!G$4:G$31,'Barrett, Ken'!$E$4:$E$31,$A5)+SUMIFS('Brundage, Eric'!G$4:G$39,'Brundage, Eric'!$E$4:$E$39,$A5)+SUMIFS('Dubois, Joe'!G$4:G$70,'Dubois, Joe'!$E$4:$E$70,$A5)+SUMIFS('Gould, Kyle'!G$4:G$53,'Gould, Kyle'!$E$4:$E$53,$A5)+SUMIFS('Jamer, Douglas'!G$4:G$33,'Jamer, Douglas'!$E$4:$E$33,$A5)+SUMIFS('Kennedy, Michael'!G$4:G$87,'Kennedy, Michael'!$E$4:$E$87,$A5)+SUMIFS('Kennedy, Vince'!G$4:G$29,'Kennedy, Vince'!$E$4:$E$29,$A5)+SUMIFS('Morningstar, Jeremy J'!G$4:G$50,'Morningstar, Jeremy J'!$E$4:$E$50,$A5)+SUMIFS('Pendlebury, Jay'!G$4:G$31,'Pendlebury, Jay'!$E$4:$E$31,$A5)+SUMIFS('Poore, Jordan'!G$4:G$32,'Poore, Jordan'!$E$4:$E$32,$A5)+SUMIFS('Powers, Dave'!G$4:G$58,'Powers, Dave'!$E$4:$E$58,$A5) -> 0 | D5: =SUMIFS('Barrett, Ken'!H$4:H$31,'Barrett, Ken'!$E$4:$E$31,$A5)+SUMIFS('Brundage, Eric'!H$4:H$39,'Brundage, Eric'!$E$4:$E$39,$A5)+SUMIFS('Dubois, Joe'!H$4:H$70,'Dubois, Joe'!$E$4:$E$70,$A5)+SUMIFS('Gould, Kyle'!H$4:H$53,'Gould, Kyle'!$E$4:$E$53,$A5)+SUMIFS('Jamer, Douglas'!H$4:H$33,'Jamer, Douglas'!$E$4:$E$33,$A5)+SUMIFS('Kennedy, Michael'!H$4:H$87,'Kennedy, Michael'!$E$4:$E$87,$A5)+SUMIFS('Kennedy, Vince'!H$4:H$29,'Kennedy, Vince'!$E$4:$E$29,$A5)+SUMIFS('Morningstar, Jeremy J'!H$4:H$50,'Morningstar, Jeremy J'!$E$4:$E$50,$A5)+SUMIFS('Pendlebury, Jay'!H$4:H$31,'Pendlebury, Jay'!$E$4:$E$31,$A5)+SUMIFS('Poore, Jordan'!H$4:H$32,'Poore, Jordan'!$E$4:$E$32,$A5)+SUMIFS('Powers, Dave'!H$4:H$58,'Powers, Dave'!$E$4:$E$58,$A5) -> 0 | E5: =SUMIFS('Barrett, Ken'!I$4:I$31,'Barrett, Ken'!$E$4:$E$31,$A5)+SUMIFS('Brundage, Eric'!I$4:I$39,'Brundage, Eric'!$E$4:$E$39,$A5)+SUMIFS('Dubois, Joe'!I$4:I$70,'Dubois, Joe'!$E$4:$E$70,$A5)+SUMIFS('Gould, Kyle'!I$4:I$53,'Gould, Kyle'!$E$4:$E$53,$A5)+SUMIFS('Jamer, Douglas'!I$4:I$33,'Jamer, Douglas'!$E$4:$E$33,$A5)+SUMIFS('Kennedy, Michael'!I$4:I$87,'Kennedy, Michael'!$E$4:$E$87,$A5)+SUMIFS('Kennedy, Vince'!I$4:I$29,'Kennedy, Vince'!$E$4:$E$29,$A5)+SUMIFS('Morningstar, Jeremy J'!I$4:I$50,'Morningstar, Jeremy J'!$E$4:$E$50,$A5)+SUMIFS('Pendlebury, Jay'!I$4:I$31,'Pendlebury, Jay'!$E$4:$E$31,$A5)+SUMIFS('Poore, Jordan'!I$4:I$32,'Poore, Jordan'!$E$4:$E$32,$A5)+SUMIFS('Powers, Dave'!I$4:I$58,'Powers, Dave'!$E$4:$E$58,$A5) -> 0 | F5: =SUMIFS('Barrett, Ken'!J$4:J$31,'Barrett, Ken'!$E$4:$E$31,$A5)+SUMIFS('Brundage, Eric'!J$4:J$39,'Brundage, Eric'!$E$4:$E$39,$A5)+SUMIFS('Dubois, Joe'!J$4:J$70,'Dubois, Joe'!$E$4:$E$70,$A5)+SUMIFS('Gould, Kyle'!J$4:J$53,'Gould, Kyle'!$E$4:$E$53,$A5)+SUMIFS('Jamer, Douglas'!J$4:J$33,'Jamer, Douglas'!$E$4:$E$33,$A5)+SUMIFS('Kennedy, Michael'!J$4:J$87,'Kennedy, Michael'!$E$4:$E$87,$A5)+SUMIFS('Kennedy, Vince'!J$4:J$29,'Kennedy, Vince'!$E$4:$E$29,$A5)+SUMIFS('Morningstar, Jeremy J'!J$4:J$50,'Morningstar, Jeremy J'!$E$4:$E$50,$A5)+SUMIFS('Pendlebury, Jay'!J$4:J$31,'Pendlebury, Jay'!$E$4:$E$31,$A5)+SUMIFS('Poore, Jordan'!J$4:J$32,'Poore, Jordan'!$E$4:$E$32,$A5)+SUMIFS('Powers, Dave'!J$4:J$58,'Powers, Dave'!$E$4:$E$58,$A5) -> 0 | G5: =SUMIFS('Barrett, Ken'!K$4:K$31,'Barrett, Ken'!$E$4:$E$31,$A5)+SUMIFS('Brundage, Eric'!K$4:K$39,'Brundage, Eric'!$E$4:$E$39,$A5)+SUMIFS('Dubois, Joe'!K$4:K$70,'Dubois, Joe'!$E$4:$E$70,$A5)+SUMIFS('Gould, Kyle'!K$4:K$53,'Gould, Kyle'!$E$4:$E$53,$A5)+SUMIFS('Jamer, Douglas'!K$4:K$33,'Jamer, Douglas'!$E$4:$E$33,$A5)+SUMIFS('Kennedy, Michael'!K$4:K$87,'Kennedy, Michael'!$E$4:$E$87,$A5)+SUMIFS('Kennedy, Vince'!K$4:K$29,'Kennedy, Vince'!$E$4:$E$29,$A5)+SUMIFS('Morningstar, Jeremy J'!K$4:K$50,'Morningstar, Jeremy J'!$E$4:$E$50,$A5)+SUMIFS('Pendlebury, Jay'!K$4:K$31,'Pendlebury, Jay'!$E$4:$E$31,$A5)+SUMIFS('Poore, Jordan'!K$4:K$32,'Poore, Jordan'!$E$4:$E$32,$A5)+SUMIFS('Powers, Dave'!K$4:K$58,'Powers, Dave'!$E$4:$E$58,$A5) -> 0 | H5: =SUMIFS('Barrett, Ken'!L$4:L$31,'Barrett, Ken'!$E$4:$E$31,$A5)+SUMIFS('Brundage, Eric'!L$4:L$39,'Brundage, Eric'!$E$4:$E$39,$A5)+SUMIFS('Dubois, Joe'!L$4:L$70,'Dubois, Joe'!$E$4:$E$70,$A5)+SUMIFS('Gould, Kyle'!L$4:L$53,'Gould, Kyle'!$E$4:$E$53,$A5)+SUMIFS('Jamer, Douglas'!L$4:L$33,'Jamer, Douglas'!$E$4:$E$33,$A5)+SUMIFS('Kennedy, Michael'!L$4:L$87,'Kennedy, Michael'!$E$4:$E$87,$A5)+SUMIFS('Kennedy, Vince'!L$4:L$29,'Kennedy, Vince'!$E$4:$E$29,$A5)+SUMIFS('Morningstar, Jeremy J'!L$4:L$50,'Morningstar, Jeremy J'!$E$4:$E$50,$A5)+SUMIFS('Pendlebury, Jay'!L$4:L$31,'Pendlebury, Jay'!$E$4:$E$31,$A5)+SUMIFS('Poore, Jordan'!L$4:L$32,'Poore, Jordan'!$E$4:$E$32,$A5)+SUMIFS('Powers, Dave'!L$4:L$58,'Powers, Dave'!$E$4:$E$58,$A5) -> 0 | I5: =SUMIFS('Barrett, Ken'!M$4:M$31,'Barrett, Ken'!$E$4:$E$31,$A5)+SUMIFS('Brundage, Eric'!M$4:M$39,'Brundage, Eric'!$E$4:$E$39,$A5)+SUMIFS('Dubois, Joe'!M$4:M$70,'Dubois, Joe'!$E$4:$E$70,$A5)+SUMIFS('Gould, Kyle'!M$4:M$53,'Gould, Kyle'!$E$4:$E$53,$A5)+SUMIFS('Jamer, Douglas'!M$4:M$33,'Jamer, Douglas'!$E$4:$E$33,$A5)+SUMIFS('Kennedy, Michael'!M$4:M$87,'Kennedy, Michael'!$E$4:$E$87,$A5)+SUMIFS('Kennedy, Vince'!M$4:M$29,'Kennedy, Vince'!$E$4:$E$29,$A5)+SUMIFS('Morningstar, Jeremy J'!M$4:M$50,'Morningstar, Jeremy J'!$E$4:$E$50,$A5)+SUMIFS('Pendlebury, Jay'!M$4:M$31,'Pendlebury, Jay'!$E$4:$E$31,$A5)+SUMIFS('Poore, Jordan'!M$4:M$32,'Poore, Jordan'!$E$4:$E$32,$A5)+SUMIFS('Powers, Dave'!M$4:M$58,'Powers, Dave'!$E$4:$E$58,$A5) -> 0 | ... S5: =SUMIFS('Barrett, Ken'!W$4:W$31,'Barrett, Ken'!$E$4:$E$31,$A5)+SUMIFS('Brundage, Eric'!W$4:W$39,'Brundage, Eric'!$E$4:$E$39,$A5)+SUMIFS('Dubois, Joe'!W$4:W$70,'Dubois, Joe'!$E$4:$E$70,$A5)+SUMIFS('Gould, Kyle'!W$4:W$53,'Gould, Kyle'!$E$4:$E$53,$A5)+SUMIFS('Jamer, Douglas'!W$4:W$33,'Jamer, Douglas'!$E$4:$E$33,$A5)+SUMIFS('Kennedy, Michael'!W$4:W$87,'Kennedy, Michael'!$E$4:$E$87,$A5)+SUMIFS('Kennedy, Vince'!W$4:W$29,'Kennedy, Vince'!$E$4:$E$29,$A5)+SUMIFS('Morningstar, Jeremy J'!W$4:W$50,'Morningstar, Jeremy J'!$E$4:$E$50,$A5)+SUMIFS('Pendlebury, Jay'!W$4:W$31,'Pendlebury, Jay'!$E$4:$E$31,$A5)+SUMIFS('Poore, Jordan'!W$4:W$32,'Poore, Jordan'!$E$4:$E$32,$A5)+SUMIFS('Powers, Dave'!W$4:W$58,'Powers, Dave'!$E$4:$E$58,$A5) -> 0 | T5: =SUM(B5:S5) -> 0
A6: Welder | B6: =SUMIFS('Barrett, Ken'!F$4:F$31,'Barrett, Ken'!$E$4:$E$31,$A6)+SUMIFS('Brundage, Eric'!F$4:F$39,'Brundage, Eric'!$E$4:$E$39,$A6)+SUMIFS('Dubois, Joe'!F$4:F$70,'Dubois, Joe'!$E$4:$E$70,$A6)+SUMIFS('Gould, Kyle'!F$4:F$53,'Gould, Kyle'!$E$4:$E$53,$A6)+SUMIFS('Jamer, Douglas'!F$4:F$33,'Jamer, Douglas'!$E$4:$E$33,$A6)+SUMIFS('Kennedy, Michael'!F$4:F$87,'Kennedy, Michael'!$E$4:$E$87,$A6)+SUMIFS('Kennedy, Vince'!F$4:F$29,'Kennedy, Vince'!$E$4:$E$29,$A6)+SUMIFS('Morningstar, Jeremy J'!F$4:F$50,'Morningstar, Jeremy J'!$E$4:$E$50,$A6)+SUMIFS('Pendlebury, Jay'!F$4:F$31,'Pendlebury, Jay'!$E$4:$E$31,$A6)+SUMIFS('Poore, Jordan'!F$4:F$32,'Poore, Jordan'!$E$4:$E$32,$A6)+SUMIFS('Powers, Dave'!F$4:F$58,'Powers, Dave'!$E$4:$E$58,$A6) -> 0 | C6: =SUMIFS('Barrett, Ken'!G$4:G$31,'Barrett, Ken'!$E$4:$E$31,$A6)+SUMIFS('Brundage, Eric'!G$4:G$39,'Brundage, Eric'!$E$4:$E$39,$A6)+SUMIFS('Dubois, Joe'!G$4:G$70,'Dubois, Joe'!$E$4:$E$70,$A6)+SUMIFS('Gould, Kyle'!G$4:G$53,'Gould, Kyle'!$E$4:$E$53,$A6)+SUMIFS('Jamer, Douglas'!G$4:G$33,'Jamer, Douglas'!$E$4:$E$33,$A6)+SUMIFS('Kennedy, Michael'!G$4:G$87,'Kennedy, Michael'!$E$4:$E$87,$A6)+SUMIFS('Kennedy, Vince'!G$4:G$29,'Kennedy, Vince'!$E$4:$E$29,$A6)+SUMIFS('Morningstar, Jeremy J'!G$4:G$50,'Morningstar, Jeremy J'!$E$4:$E$50,$A6)+SUMIFS('Pendlebury, Jay'!G$4:G$31,'Pendlebury, Jay'!$E$4:$E$31,$A6)+SUMIFS('Poore, Jordan'!G$4:G$32,'Poore, Jordan'!$E$4:$E$32,$A6)+SUMIFS('Powers, Dave'!G$4:G$58,'Powers, Dave'!$E$4:$E$58,$A6) -> 0 | D6: =SUMIFS('Barrett, Ken'!H$4:H$31,'Barrett, Ken'!$E$4:$E$31,$A6)+SUMIFS('Brundage, Eric'!H$4:H$39,'Brundage, Eric'!$E$4:$E$39,$A6)+SUMIFS('Dubois, Joe'!H$4:H$70,'Dubois, Joe'!$E$4:$E$70,$A6)+SUMIFS('Gould, Kyle'!H$4:H$53,'Gould, Kyle'!$E$4:$E$53,$A6)+SUMIFS('Jamer, Douglas'!H$4:H$33,'Jamer, Douglas'!$E$4:$E$33,$A6)+SUMIFS('Kennedy, Michael'!H$4:H$87,'Kennedy, Michael'!$E$4:$E$87,$A6)+SUMIFS('Kennedy, Vince'!H$4:H$29,'Kennedy, Vince'!$E$4:$E$29,$A6)+SUMIFS('Morningstar, Jeremy J'!H$4:H$50,'Morningstar, Jeremy J'!$E$4:$E$50,$A6)+SUMIFS('Pendlebury, Jay'!H$4:H$31,'Pendlebury, Jay'!$E$4:$E$31,$A6)+SUMIFS('Poore, Jordan'!H$4:H$32,'Poore, Jordan'!$E$4:$E$32,$A6)+SUMIFS('Powers, Dave'!H$4:H$58,'Powers, Dave'!$E$4:$E$58,$A6) -> 0 | E6: =SUMIFS('Barrett, Ken'!I$4:I$31,'Barrett, Ken'!$E$4:$E$31,$A6)+SUMIFS('Brundage, Eric'!I$4:I$39,'Brundage, Eric'!$E$4:$E$39,$A6)+SUMIFS('Dubois, Joe'!I$4:I$70,'Dubois, Joe'!$E$4:$E$70,$A6)+SUMIFS('Gould, Kyle'!I$4:I$53,'Gould, Kyle'!$E$4:$E$53,$A6)+SUMIFS('Jamer, Douglas'!I$4:I$33,'Jamer, Douglas'!$E$4:$E$33,$A6)+SUMIFS('Kennedy, Michael'!I$4:I$87,'Kennedy, Michael'!$E$4:$E$87,$A6)+SUMIFS('Kennedy, Vince'!I$4:I$29,'Kennedy, Vince'!$E$4:$E$29,$A6)+SUMIFS('Morningstar, Jeremy J'!I$4:I$50,'Morningstar, Jeremy J'!$E$4:$E$50,$A6)+SUMIFS('Pendlebury, Jay'!I$4:I$31,'Pendlebury, Jay'!$E$4:$E$31,$A6)+SUMIFS('Poore, Jordan'!I$4:I$32,'Poore, Jordan'!$E$4:$E$32,$A6)+SUMIFS('Powers, Dave'!I$4:I$58,'Powers, Dave'!$E$4:$E$58,$A6) -> 0 | F6: =SUMIFS('Barrett, Ken'!J$4:J$31,'Barrett, Ken'!$E$4:$E$31,$A6)+SUMIFS('Brundage, Eric'!J$4:J$39,'Brundage, Eric'!$E$4:$E$39,$A6)+SUMIFS('Dubois, Joe'!J$4:J$70,'Dubois, Joe'!$E$4:$E$70,$A6)+SUMIFS('Gould, Kyle'!J$4:J$53,'Gould, Kyle'!$E$4:$E$53,$A6)+SUMIFS('Jamer, Douglas'!J$4:J$33,'Jamer, Douglas'!$E$4:$E$33,$A6)+SUMIFS('Kennedy, Michael'!J$4:J$87,'Kennedy, Michael'!$E$4:$E$87,$A6)+SUMIFS('Kennedy, Vince'!J$4:J$29,'Kennedy, Vince'!$E$4:$E$29,$A6)+SUMIFS('Morningstar, Jeremy J'!J$4:J$50,'Morningstar, Jeremy J'!$E$4:$E$50,$A6)+SUMIFS('Pendlebury, Jay'!J$4:J$31,'Pendlebury, Jay'!$E$4:$E$31,$A6)+SUMIFS('Poore, Jordan'!J$4:J$32,'Poore, Jordan'!$E$4:$E$32,$A6)+SUMIFS('Powers, Dave'!J$4:J$58,'Powers, Dave'!$E$4:$E$58,$A6) -> 0 | G6: =SUMIFS('Barrett, Ken'!K$4:K$31,'Barrett, Ken'!$E$4:$E$31,$A6)+SUMIFS('Brundage, Eric'!K$4:K$39,'Brundage, Eric'!$E$4:$E$39,$A6)+SUMIFS('Dubois, Joe'!K$4:K$70,'Dubois, Joe'!$E$4:$E$70,$A6)+SUMIFS('Gould, Kyle'!K$4:K$53,'Gould, Kyle'!$E$4:$E$53,$A6)+SUMIFS('Jamer, Douglas'!K$4:K$33,'Jamer, Douglas'!$E$4:$E$33,$A6)+SUMIFS('Kennedy, Michael'!K$4:K$87,'Kennedy, Michael'!$E$4:$E$87,$A6)+SUMIFS('Kennedy, Vince'!K$4:K$29,'Kennedy, Vince'!$E$4:$E$29,$A6)+SUMIFS('Morningstar, Jeremy J'!K$4:K$50,'Morningstar, Jeremy J'!$E$4:$E$50,$A6)+SUMIFS('Pendlebury, Jay'!K$4:K$31,'Pendlebury, Jay'!$E$4:$E$31,$A6)+SUMIFS('Poore, Jordan'!K$4:K$32,'Poore, Jordan'!$E$4:$E$32,$A6)+SUMIFS('Powers, Dave'!K$4:K$58,'Powers, Dave'!$E$4:$E$58,$A6) -> 0 | H6: =SUMIFS('Barrett, Ken'!L$4:L$31,'Barrett, Ken'!$E$4:$E$31,$A6)+SUMIFS('Brundage, Eric'!L$4:L$39,'Brundage, Eric'!$E$4:$E$39,$A6)+SUMIFS('Dubois, Joe'!L$4:L$70,'Dubois, Joe'!$E$4:$E$70,$A6)+SUMIFS('Gould, Kyle'!L$4:L$53,'Gould, Kyle'!$E$4:$E$53,$A6)+SUMIFS('Jamer, Douglas'!L$4:L$33,'Jamer, Douglas'!$E$4:$E$33,$A6)+SUMIFS('Kennedy, Michael'!L$4:L$87,'Kennedy, Michael'!$E$4:$E$87,$A6)+SUMIFS('Kennedy, Vince'!L$4:L$29,'Kennedy, Vince'!$E$4:$E$29,$A6)+SUMIFS('Morningstar, Jeremy J'!L$4:L$50,'Morningstar, Jeremy J'!$E$4:$E$50,$A6)+SUMIFS('Pendlebury, Jay'!L$4:L$31,'Pendlebury, Jay'!$E$4:$E$31,$A6)+SUMIFS('Poore, Jordan'!L$4:L$32,'Poore, Jordan'!$E$4:$E$32,$A6)+SUMIFS('Powers, Dave'!L$4:L$58,'Powers, Dave'!$E$4:$E$58,$A6) -> 0 | I6: =SUMIFS('Barrett, Ken'!M$4:M$31,'Barrett, Ken'!$E$4:$E$31,$A6)+SUMIFS('Brundage, Eric'!M$4:M$39,'Brundage, Eric'!$E$4:$E$39,$A6)+SUMIFS('Dubois, Joe'!M$4:M$70,'Dubois, Joe'!$E$4:$E$70,$A6)+SUMIFS('Gould, Kyle'!M$4:M$53,'Gould, Kyle'!$E$4:$E$53,$A6)+SUMIFS('Jamer, Douglas'!M$4:M$33,'Jamer, Douglas'!$E$4:$E$33,$A6)+SUMIFS('Kennedy, Michael'!M$4:M$87,'Kennedy, Michael'!$E$4:$E$87,$A6)+SUMIFS('Kennedy, Vince'!M$4:M$29,'Kennedy, Vince'!$E$4:$E$29,$A6)+SUMIFS('Morningstar, Jeremy J'!M$4:M$50,'Morningstar, Jeremy J'!$E$4:$E$50,$A6)+SUMIFS('Pendlebury, Jay'!M$4:M$31,'Pendlebury, Jay'!$E$4:$E$31,$A6)+SUMIFS('Poore, Jordan'!M$4:M$32,'Poore, Jordan'!$E$4:$E$32,$A6)+SUMIFS('Powers, Dave'!M$4:M$58,'Powers, Dave'!$E$4:$E$58,$A6) -> 0 | ... S6: =SUMIFS('Barrett, Ken'!W$4:W$31,'Barrett, Ken'!$E$4:$E$31,$A6)+SUMIFS('Brundage, Eric'!W$4:W$39,'Brundage, Eric'!$E$4:$E$39,$A6)+SUMIFS('Dubois, Joe'!W$4:W$70,'Dubois, Joe'!$E$4:$E$70,$A6)+SUMIFS('Gould, Kyle'!W$4:W$53,'Gould, Kyle'!$E$4:$E$53,$A6)+SUMIFS('Jamer, Douglas'!W$4:W$33,'Jamer, Douglas'!$E$4:$E$33,$A6)+SUMIFS('Kennedy, Michael'!W$4:W$87,'Kennedy, Michael'!$E$4:$E$87,$A6)+SUMIFS('Kennedy, Vince'!W$4:W$29,'Kennedy, Vince'!$E$4:$E$29,$A6)+SUMIFS('Morningstar, Jeremy J'!W$4:W$50,'Morningstar, Jeremy J'!$E$4:$E$50,$A6)+SUMIFS('Pendlebury, Jay'!W$4:W$31,'Pendlebury, Jay'!$E$4:$E$31,$A6)+SUMIFS('Poore, Jordan'!W$4:W$32,'Poore, Jordan'!$E$4:$E$32,$A6)+SUMIFS('Powers, Dave'!W$4:W$58,'Powers, Dave'!$E$4:$E$58,$A6) -> 0 | T6: =SUM(B6:S6) -> 0
A7: Millwright | B7: =SUMIFS('Barrett, Ken'!F$4:F$31,'Barrett, Ken'!$E$4:$E$31,$A7)+SUMIFS('Brundage, Eric'!F$4:F$39,'Brundage, Eric'!$E$4:$E$39,$A7)+SUMIFS('Dubois, Joe'!F$4:F$70,'Dubois, Joe'!$E$4:$E$70,$A7)+SUMIFS('Gould, Kyle'!F$4:F$53,'Gould, Kyle'!$E$4:$E$53,$A7)+SUMIFS('Jamer, Douglas'!F$4:F$33,'Jamer, Douglas'!$E$4:$E$33,$A7)+SUMIFS('Kennedy, Michael'!F$4:F$87,'Kennedy, Michael'!$E$4:$E$87,$A7)+SUMIFS('Kennedy, Vince'!F$4:F$29,'Kennedy, Vince'!$E$4:$E$29,$A7)+SUMIFS('Morningstar, Jeremy J'!F$4:F$50,'Morningstar, Jeremy J'!$E$4:$E$50,$A7)+SUMIFS('Pendlebury, Jay'!F$4:F$31,'Pendlebury, Jay'!$E$4:$E$31,$A7)+SUMIFS('Poore, Jordan'!F$4:F$32,'Poore, Jordan'!$E$4:$E$32,$A7)+SUMIFS('Powers, Dave'!F$4:F$58,'Powers, Dave'!$E$4:$E$58,$A7) -> 0 | C7: =SUMIFS('Barrett, Ken'!G$4:G$31,'Barrett, Ken'!$E$4:$E$31,$A7)+SUMIFS('Brundage, Eric'!G$4:G$39,'Brundage, Eric'!$E$4:$E$39,$A7)+SUMIFS('Dubois, Joe'!G$4:G$70,'Dubois, Joe'!$E$4:$E$70,$A7)+SUMIFS('Gould, Kyle'!G$4:G$53,'Gould, Kyle'!$E$4:$E$53,$A7)+SUMIFS('Jamer, Douglas'!G$4:G$33,'Jamer, Douglas'!$E$4:$E$33,$A7)+SUMIFS('Kennedy, Michael'!G$4:G$87,'Kennedy, Michael'!$E$4:$E$87,$A7)+SUMIFS('Kennedy, Vince'!G$4:G$29,'Kennedy, Vince'!$E$4:$E$29,$A7)+SUMIFS('Morningstar, Jeremy J'!G$4:G$50,'Morningstar, Jeremy J'!$E$4:$E$50,$A7)+SUMIFS('Pendlebury, Jay'!G$4:G$31,'Pendlebury, Jay'!$E$4:$E$31,$A7)+SUMIFS('Poore, Jordan'!G$4:G$32,'Poore, Jordan'!$E$4:$E$32,$A7)+SUMIFS('Powers, Dave'!G$4:G$58,'Powers, Dave'!$E$4:$E$58,$A7) -> 0 | D7: =SUMIFS('Barrett, Ken'!H$4:H$31,'Barrett, Ken'!$E$4:$E$31,$A7)+SUMIFS('Brundage, Eric'!H$4:H$39,'Brundage, Eric'!$E$4:$E$39,$A7)+SUMIFS('Dubois, Joe'!H$4:H$70,'Dubois, Joe'!$E$4:$E$70,$A7)+SUMIFS('Gould, Kyle'!H$4:H$53,'Gould, Kyle'!$E$4:$E$53,$A7)+SUMIFS('Jamer, Douglas'!H$4:H$33,'Jamer, Douglas'!$E$4:$E$33,$A7)+SUMIFS('Kennedy, Michael'!H$4:H$87,'Kennedy, Michael'!$E$4:$E$87,$A7)+SUMIFS('Kennedy, Vince'!H$4:H$29,'Kennedy, Vince'!$E$4:$E$29,$A7)+SUMIFS('Morningstar, Jeremy J'!H$4:H$50,'Morningstar, Jeremy J'!$E$4:$E$50,$A7)+SUMIFS('Pendlebury, Jay'!H$4:H$31,'Pendlebury, Jay'!$E$4:$E$31,$A7)+SUMIFS('Poore, Jordan'!H$4:H$32,'Poore, Jordan'!$E$4:$E$32,$A7)+SUMIFS('Powers, Dave'!H$4:H$58,'Powers, Dave'!$E$4:$E$58,$A7) -> 0 | E7: =SUMIFS('Barrett, Ken'!I$4:I$31,'Barrett, Ken'!$E$4:$E$31,$A7)+SUMIFS('Brundage, Eric'!I$4:I$39,'Brundage, Eric'!$E$4:$E$39,$A7)+SUMIFS('Dubois, Joe'!I$4:I$70,'Dubois, Joe'!$E$4:$E$70,$A7)+SUMIFS('Gould, Kyle'!I$4:I$53,'Gould, Kyle'!$E$4:$E$53,$A7)+SUMIFS('Jamer, Douglas'!I$4:I$33,'Jamer, Douglas'!$E$4:$E$33,$A7)+SUMIFS('Kennedy, Michael'!I$4:I$87,'Kennedy, Michael'!$E$4:$E$87,$A7)+SUMIFS('Kennedy, Vince'!I$4:I$29,'Kennedy, Vince'!$E$4:$E$29,$A7)+SUMIFS('Morningstar, Jeremy J'!I$4:I$50,'Morningstar, Jeremy J'!$E$4:$E$50,$A7)+SUMIFS('Pendlebury, Jay'!I$4:I$31,'Pendlebury, Jay'!$E$4:$E$31,$A7)+SUMIFS('Poore, Jordan'!I$4:I$32,'Poore, Jordan'!$E$4:$E$32,$A7)+SUMIFS('Powers, Dave'!I$4:I$58,'Powers, Dave'!$E$4:$E$58,$A7) -> 0 | F7: =SUMIFS('Barrett, Ken'!J$4:J$31,'Barrett, Ken'!$E$4:$E$31,$A7)+SUMIFS('Brundage, Eric'!J$4:J$39,'Brundage, Eric'!$E$4:$E$39,$A7)+SUMIFS('Dubois, Joe'!J$4:J$70,'Dubois, Joe'!$E$4:$E$70,$A7)+SUMIFS('Gould, Kyle'!J$4:J$53,'Gould, Kyle'!$E$4:$E$53,$A7)+SUMIFS('Jamer, Douglas'!J$4:J$33,'Jamer, Douglas'!$E$4:$E$33,$A7)+SUMIFS('Kennedy, Michael'!J$4:J$87,'Kennedy, Michael'!$E$4:$E$87,$A7)+SUMIFS('Kennedy, Vince'!J$4:J$29,'Kennedy, Vince'!$E$4:$E$29,$A7)+SUMIFS('Morningstar, Jeremy J'!J$4:J$50,'Morningstar, Jeremy J'!$E$4:$E$50,$A7)+SUMIFS('Pendlebury, Jay'!J$4:J$31,'Pendlebury, Jay'!$E$4:$E$31,$A7)+SUMIFS('Poore, Jordan'!J$4:J$32,'Poore, Jordan'!$E$4:$E$32,$A7)+SUMIFS('Powers, Dave'!J$4:J$58,'Powers, Dave'!$E$4:$E$58,$A7) -> 0 | G7: =SUMIFS('Barrett, Ken'!K$4:K$31,'Barrett, Ken'!$E$4:$E$31,$A7)+SUMIFS('Brundage, Eric'!K$4:K$39,'Brundage, Eric'!$E$4:$E$39,$A7)+SUMIFS('Dubois, Joe'!K$4:K$70,'Dubois, Joe'!$E$4:$E$70,$A7)+SUMIFS('Gould, Kyle'!K$4:K$53,'Gould, Kyle'!$E$4:$E$53,$A7)+SUMIFS('Jamer, Douglas'!K$4:K$33,'Jamer, Douglas'!$E$4:$E$33,$A7)+SUMIFS('Kennedy, Michael'!K$4:K$87,'Kennedy, Michael'!$E$4:$E$87,$A7)+SUMIFS('Kennedy, Vince'!K$4:K$29,'Kennedy, Vince'!$E$4:$E$29,$A7)+SUMIFS('Morningstar, Jeremy J'!K$4:K$50,'Morningstar, Jeremy J'!$E$4:$E$50,$A7)+SUMIFS('Pendlebury, Jay'!K$4:K$31,'Pendlebury, Jay'!$E$4:$E$31,$A7)+SUMIFS('Poore, Jordan'!K$4:K$32,'Poore, Jordan'!$E$4:$E$32,$A7)+SUMIFS('Powers, Dave'!K$4:K$58,'Powers, Dave'!$E$4:$E$58,$A7) -> 0 | H7: =SUMIFS('Barrett, Ken'!L$4:L$31,'Barrett, Ken'!$E$4:$E$31,$A7)+SUMIFS('Brundage, Eric'!L$4:L$39,'Brundage, Eric'!$E$4:$E$39,$A7)+SUMIFS('Dubois, Joe'!L$4:L$70,'Dubois, Joe'!$E$4:$E$70,$A7)+SUMIFS('Gould, Kyle'!L$4:L$53,'Gould, Kyle'!$E$4:$E$53,$A7)+SUMIFS('Jamer, Douglas'!L$4:L$33,'Jamer, Douglas'!$E$4:$E$33,$A7)+SUMIFS('Kennedy, Michael'!L$4:L$87,'Kennedy, Michael'!$E$4:$E$87,$A7)+SUMIFS('Kennedy, Vince'!L$4:L$29,'Kennedy, Vince'!$E$4:$E$29,$A7)+SUMIFS('Morningstar, Jeremy J'!L$4:L$50,'Morningstar, Jeremy J'!$E$4:$E$50,$A7)+SUMIFS('Pendlebury, Jay'!L$4:L$31,'Pendlebury, Jay'!$E$4:$E$31,$A7)+SUMIFS('Poore, Jordan'!L$4:L$32,'Poore, Jordan'!$E$4:$E$32,$A7)+SUMIFS('Powers, Dave'!L$4:L$58,'Powers, Dave'!$E$4:$E$58,$A7) -> 0 | I7: =SUMIFS('Barrett, Ken'!M$4:M$31,'Barrett, Ken'!$E$4:$E$31,$A7)+SUMIFS('Brundage, Eric'!M$4:M$39,'Brundage, Eric'!$E$4:$E$39,$A7)+SUMIFS('Dubois, Joe'!M$4:M$70,'Dubois, Joe'!$E$4:$E$70,$A7)+SUMIFS('Gould, Kyle'!M$4:M$53,'Gould, Kyle'!$E$4:$E$53,$A7)+SUMIFS('Jamer, Douglas'!M$4:M$33,'Jamer, Douglas'!$E$4:$E$33,$A7)+SUMIFS('Kennedy, Michael'!M$4:M$87,'Kennedy, Michael'!$E$4:$E$87,$A7)+SUMIFS('Kennedy, Vince'!M$4:M$29,'Kennedy, Vince'!$E$4:$E$29,$A7)+SUMIFS('Morningstar, Jeremy J'!M$4:M$50,'Morningstar, Jeremy J'!$E$4:$E$50,$A7)+SUMIFS('Pendlebury, Jay'!M$4:M$31,'Pendlebury, Jay'!$E$4:$E$31,$A7)+SUMIFS('Poore, Jordan'!M$4:M$32,'Poore, Jordan'!$E$4:$E$32,$A7)+SUMIFS('Powers, Dave'!M$4:M$58,'Powers, Dave'!$E$4:$E$58,$A7) -> 0 | ... S7: =SUMIFS('Barrett, Ken'!W$4:W$31,'Barrett, Ken'!$E$4:$E$31,$A7)+SUMIFS('Brundage, Eric'!W$4:W$39,'Brundage, Eric'!$E$4:$E$39,$A7)+SUMIFS('Dubois, Joe'!W$4:W$70,'Dubois, Joe'!$E$4:$E$70,$A7)+SUMIFS('Gould, Kyle'!W$4:W$53,'Gould, Kyle'!$E$4:$E$53,$A7)+SUMIFS('Jamer, Douglas'!W$4:W$33,'Jamer, Douglas'!$E$4:$E$33,$A7)+SUMIFS('Kennedy, Michael'!W$4:W$87,'Kennedy, Michael'!$E$4:$E$87,$A7)+SUMIFS('Kennedy, Vince'!W$4:W$29,'Kennedy, Vince'!$E$4:$E$29,$A7)+SUMIFS('Morningstar, Jeremy J'!W$4:W$50,'Morningstar, Jeremy J'!$E$4:$E$50,$A7)+SUMIFS('Pendlebury, Jay'!W$4:W$31,'Pendlebury, Jay'!$E$4:$E$31,$A7)+SUMIFS('Poore, Jordan'!W$4:W$32,'Poore, Jordan'!$E$4:$E$32,$A7)+SUMIFS('Powers, Dave'!W$4:W$58,'Powers, Dave'!$E$4:$E$58,$A7) -> 0 | T7: =SUM(B7:S7) -> 0
A8: Ironworker | B8: =SUMIFS('Barrett, Ken'!F$4:F$31,'Barrett, Ken'!$E$4:$E$31,$A8)+SUMIFS('Brundage, Eric'!F$4:F$39,'Brundage, Eric'!$E$4:$E$39,$A8)+SUMIFS('Dubois, Joe'!F$4:F$70,'Dubois, Joe'!$E$4:$E$70,$A8)+SUMIFS('Gould, Kyle'!F$4:F$53,'Gould, Kyle'!$E$4:$E$53,$A8)+SUMIFS('Jamer, Douglas'!F$4:F$33,'Jamer, Douglas'!$E$4:$E$33,$A8)+SUMIFS('Kennedy, Michael'!F$4:F$87,'Kennedy, Michael'!$E$4:$E$87,$A8)+SUMIFS('Kennedy, Vince'!F$4:F$29,'Kennedy, Vince'!$E$4:$E$29,$A8)+SUMIFS('Morningstar, Jeremy J'!F$4:F$50,'Morningstar, Jeremy J'!$E$4:$E$50,$A8)+SUMIFS('Pendlebury, Jay'!F$4:F$31,'Pendlebury, Jay'!$E$4:$E$31,$A8)+SUMIFS('Poore, Jordan'!F$4:F$32,'Poore, Jordan'!$E$4:$E$32,$A8)+SUMIFS('Powers, Dave'!F$4:F$58,'Powers, Dave'!$E$4:$E$58,$A8) -> 0 | C8: =SUMIFS('Barrett, Ken'!G$4:G$31,'Barrett, Ken'!$E$4:$E$31,$A8)+SUMIFS('Brundage, Eric'!G$4:G$39,'Brundage, Eric'!$E$4:$E$39,$A8)+SUMIFS('Dubois, Joe'!G$4:G$70,'Dubois, Joe'!$E$4:$E$70,$A8)+SUMIFS('Gould, Kyle'!G$4:G$53,'Gould, Kyle'!$E$4:$E$53,$A8)+SUMIFS('Jamer, Douglas'!G$4:G$33,'Jamer, Douglas'!$E$4:$E$33,$A8)+SUMIFS('Kennedy, Michael'!G$4:G$87,'Kennedy, Michael'!$E$4:$E$87,$A8)+SUMIFS('Kennedy, Vince'!G$4:G$29,'Kennedy, Vince'!$E$4:$E$29,$A8)+SUMIFS('Morningstar, Jeremy J'!G$4:G$50,'Morningstar, Jeremy J'!$E$4:$E$50,$A8)+SUMIFS('Pendlebury, Jay'!G$4:G$31,'Pendlebury, Jay'!$E$4:$E$31,$A8)+SUMIFS('Poore, Jordan'!G$4:G$32,'Poore, Jordan'!$E$4:$E$32,$A8)+SUMIFS('Powers, Dave'!G$4:G$58,'Powers, Dave'!$E$4:$E$58,$A8) -> 0 | D8: =SUMIFS('Barrett, Ken'!H$4:H$31,'Barrett, Ken'!$E$4:$E$31,$A8)+SUMIFS('Brundage, Eric'!H$4:H$39,'Brundage, Eric'!$E$4:$E$39,$A8)+SUMIFS('Dubois, Joe'!H$4:H$70,'Dubois, Joe'!$E$4:$E$70,$A8)+SUMIFS('Gould, Kyle'!H$4:H$53,'Gould, Kyle'!$E$4:$E$53,$A8)+SUMIFS('Jamer, Douglas'!H$4:H$33,'Jamer, Douglas'!$E$4:$E$33,$A8)+SUMIFS('Kennedy, Michael'!H$4:H$87,'Kennedy, Michael'!$E$4:$E$87,$A8)+SUMIFS('Kennedy, Vince'!H$4:H$29,'Kennedy, Vince'!$E$4:$E$29,$A8)+SUMIFS('Morningstar, Jeremy J'!H$4:H$50,'Morningstar, Jeremy J'!$E$4:$E$50,$A8)+SUMIFS('Pendlebury, Jay'!H$4:H$31,'Pendlebury, Jay'!$E$4:$E$31,$A8)+SUMIFS('Poore, Jordan'!H$4:H$32,'Poore, Jordan'!$E$4:$E$32,$A8)+SUMIFS('Powers, Dave'!H$4:H$58,'Powers, Dave'!$E$4:$E$58,$A8) -> 0 | E8: =SUMIFS('Barrett, Ken'!I$4:I$31,'Barrett, Ken'!$E$4:$E$31,$A8)+SUMIFS('Brundage, Eric'!I$4:I$39,'Brundage, Eric'!$E$4:$E$39,$A8)+SUMIFS('Dubois, Joe'!I$4:I$70,'Dubois, Joe'!$E$4:$E$70,$A8)+SUMIFS('Gould, Kyle'!I$4:I$53,'Gould, Kyle'!$E$4:$E$53,$A8)+SUMIFS('Jamer, Douglas'!I$4:I$33,'Jamer, Douglas'!$E$4:$E$33,$A8)+SUMIFS('Kennedy, Michael'!I$4:I$87,'Kennedy, Michael'!$E$4:$E$87,$A8)+SUMIFS('Kennedy, Vince'!I$4:I$29,'Kennedy, Vince'!$E$4:$E$29,$A8)+SUMIFS('Morningstar, Jeremy J'!I$4:I$50,'Morningstar, Jeremy J'!$E$4:$E$50,$A8)+SUMIFS('Pendlebury, Jay'!I$4:I$31,'Pendlebury, Jay'!$E$4:$E$31,$A8)+SUMIFS('Poore, Jordan'!I$4:I$32,'Poore, Jordan'!$E$4:$E$32,$A8)+SUMIFS('Powers, Dave'!I$4:I$58,'Powers, Dave'!$E$4:$E$58,$A8) -> 0 | F8: =SUMIFS('Barrett, Ken'!J$4:J$31,'Barrett, Ken'!$E$4:$E$31,$A8)+SUMIFS('Brundage, Eric'!J$4:J$39,'Brundage, Eric'!$E$4:$E$39,$A8)+SUMIFS('Dubois, Joe'!J$4:J$70,'Dubois, Joe'!$E$4:$E$70,$A8)+SUMIFS('Gould, Kyle'!J$4:J$53,'Gould, Kyle'!$E$4:$E$53,$A8)+SUMIFS('Jamer, Douglas'!J$4:J$33,'Jamer, Douglas'!$E$4:$E$33,$A8)+SUMIFS('Kennedy, Michael'!J$4:J$87,'Kennedy, Michael'!$E$4:$E$87,$A8)+SUMIFS('Kennedy, Vince'!J$4:J$29,'Kennedy, Vince'!$E$4:$E$29,$A8)+SUMIFS('Morningstar, Jeremy J'!J$4:J$50,'Morningstar, Jeremy J'!$E$4:$E$50,$A8)+SUMIFS('Pendlebury, Jay'!J$4:J$31,'Pendlebury, Jay'!$E$4:$E$31,$A8)+SUMIFS('Poore, Jordan'!J$4:J$32,'Poore, Jordan'!$E$4:$E$32,$A8)+SUMIFS('Powers, Dave'!J$4:J$58,'Powers, Dave'!$E$4:$E$58,$A8) -> 0 | G8: =SUMIFS('Barrett, Ken'!K$4:K$31,'Barrett, Ken'!$E$4:$E$31,$A8)+SUMIFS('Brundage, Eric'!K$4:K$39,'Brundage, Eric'!$E$4:$E$39,$A8)+SUMIFS('Dubois, Joe'!K$4:K$70,'Dubois, Joe'!$E$4:$E$70,$A8)+SUMIFS('Gould, Kyle'!K$4:K$53,'Gould, Kyle'!$E$4:$E$53,$A8)+SUMIFS('Jamer, Douglas'!K$4:K$33,'Jamer, Douglas'!$E$4:$E$33,$A8)+SUMIFS('Kennedy, Michael'!K$4:K$87,'Kennedy, Michael'!$E$4:$E$87,$A8)+SUMIFS('Kennedy, Vince'!K$4:K$29,'Kennedy, Vince'!$E$4:$E$29,$A8)+SUMIFS('Morningstar, Jeremy J'!K$4:K$50,'Morningstar, Jeremy J'!$E$4:$E$50,$A8)+SUMIFS('Pendlebury, Jay'!K$4:K$31,'Pendlebury, Jay'!$E$4:$E$31,$A8)+SUMIFS('Poore, Jordan'!K$4:K$32,'Poore, Jordan'!$E$4:$E$32,$A8)+SUMIFS('Powers, Dave'!K$4:K$58,'Powers, Dave'!$E$4:$E$58,$A8) -> 0 | H8: =SUMIFS('Barrett, Ken'!L$4:L$31,'Barrett, Ken'!$E$4:$E$31,$A8)+SUMIFS('Brundage, Eric'!L$4:L$39,'Brundage, Eric'!$E$4:$E$39,$A8)+SUMIFS('Dubois, Joe'!L$4:L$70,'Dubois, Joe'!$E$4:$E$70,$A8)+SUMIFS('Gould, Kyle'!L$4:L$53,'Gould, Kyle'!$E$4:$E$53,$A8)+SUMIFS('Jamer, Douglas'!L$4:L$33,'Jamer, Douglas'!$E$4:$E$33,$A8)+SUMIFS('Kennedy, Michael'!L$4:L$87,'Kennedy, Michael'!$E$4:$E$87,$A8)+SUMIFS('Kennedy, Vince'!L$4:L$29,'Kennedy, Vince'!$E$4:$E$29,$A8)+SUMIFS('Morningstar, Jeremy J'!L$4:L$50,'Morningstar, Jeremy J'!$E$4:$E$50,$A8)+SUMIFS('Pendlebury, Jay'!L$4:L$31,'Pendlebury, Jay'!$E$4:$E$31,$A8)+SUMIFS('Poore, Jordan'!L$4:L$32,'Poore, Jordan'!$E$4:$E$32,$A8)+SUMIFS('Powers, Dave'!L$4:L$58,'Powers, Dave'!$E$4:$E$58,$A8) -> 0 | I8: =SUMIFS('Barrett, Ken'!M$4:M$31,'Barrett, Ken'!$E$4:$E$31,$A8)+SUMIFS('Brundage, Eric'!M$4:M$39,'Brundage, Eric'!$E$4:$E$39,$A8)+SUMIFS('Dubois, Joe'!M$4:M$70,'Dubois, Joe'!$E$4:$E$70,$A8)+SUMIFS('Gould, Kyle'!M$4:M$53,'Gould, Kyle'!$E$4:$E$53,$A8)+SUMIFS('Jamer, Douglas'!M$4:M$33,'Jamer, Douglas'!$E$4:$E$33,$A8)+SUMIFS('Kennedy, Michael'!M$4:M$87,'Kennedy, Michael'!$E$4:$E$87,$A8)+SUMIFS('Kennedy, Vince'!M$4:M$29,'Kennedy, Vince'!$E$4:$E$29,$A8)+SUMIFS('Morningstar, Jeremy J'!M$4:M$50,'Morningstar, Jeremy J'!$E$4:$E$50,$A8)+SUMIFS('Pendlebury, Jay'!M$4:M$31,'Pendlebury, Jay'!$E$4:$E$31,$A8)+SUMIFS('Poore, Jordan'!M$4:M$32,'Poore, Jordan'!$E$4:$E$32,$A8)+SUMIFS('Powers, Dave'!M$4:M$58,'Powers, Dave'!$E$4:$E$58,$A8) -> 0 | ... S8: =SUMIFS('Barrett, Ken'!W$4:W$31,'Barrett, Ken'!$E$4:$E$31,$A8)+SUMIFS('Brundage, Eric'!W$4:W$39,'Brundage, Eric'!$E$4:$E$39,$A8)+SUMIFS('Dubois, Joe'!W$4:W$70,'Dubois, Joe'!$E$4:$E$70,$A8)+SUMIFS('Gould, Kyle'!W$4:W$53,'Gould, Kyle'!$E$4:$E$53,$A8)+SUMIFS('Jamer, Douglas'!W$4:W$33,'Jamer, Douglas'!$E$4:$E$33,$A8)+SUMIFS('Kennedy, Michael'!W$4:W$87,'Kennedy, Michael'!$E$4:$E$87,$A8)+SUMIFS('Kennedy, Vince'!W$4:W$29,'Kennedy, Vince'!$E$4:$E$29,$A8)+SUMIFS('Morningstar, Jeremy J'!W$4:W$50,'Morningstar, Jeremy J'!$E$4:$E$50,$A8)+SUMIFS('Pendlebury, Jay'!W$4:W$31,'Pendlebury, Jay'!$E$4:$E$31,$A8)+SUMIFS('Poore, Jordan'!W$4:W$32,'Poore, Jordan'!$E$4:$E$32,$A8)+SUMIFS('Powers, Dave'!W$4:W$58,'Powers, Dave'!$E$4:$E$58,$A8) -> 0 | T8: =SUM(B8:S8) -> 0
A9: Electrician | B9: =SUMIFS('Barrett, Ken'!F$4:F$31,'Barrett, Ken'!$E$4:$E$31,$A9)+SUMIFS('Brundage, Eric'!F$4:F$39,'Brundage, Eric'!$E$4:$E$39,$A9)+SUMIFS('Dubois, Joe'!F$4:F$70,'Dubois, Joe'!$E$4:$E$70,$A9)+SUMIFS('Gould, Kyle'!F$4:F$53,'Gould, Kyle'!$E$4:$E$53,$A9)+SUMIFS('Jamer, Douglas'!F$4:F$33,'Jamer, Douglas'!$E$4:$E$33,$A9)+SUMIFS('Kennedy, Michael'!F$4:F$87,'Kennedy, Michael'!$E$4:$E$87,$A9)+SUMIFS('Kennedy, Vince'!F$4:F$29,'Kennedy, Vince'!$E$4:$E$29,$A9)+SUMIFS('Morningstar, Jeremy J'!F$4:F$50,'Morningstar, Jeremy J'!$E$4:$E$50,$A9)+SUMIFS('Pendlebury, Jay'!F$4:F$31,'Pendlebury, Jay'!$E$4:$E$31,$A9)+SUMIFS('Poore, Jordan'!F$4:F$32,'Poore, Jordan'!$E$4:$E$32,$A9)+SUMIFS('Powers, Dave'!F$4:F$58,'Powers, Dave'!$E$4:$E$58,$A9) -> 0 | C9: =SUMIFS('Barrett, Ken'!G$4:G$31,'Barrett, Ken'!$E$4:$E$31,$A9)+SUMIFS('Brundage, Eric'!G$4:G$39,'Brundage, Eric'!$E$4:$E$39,$A9)+SUMIFS('Dubois, Joe'!G$4:G$70,'Dubois, Joe'!$E$4:$E$70,$A9)+SUMIFS('Gould, Kyle'!G$4:G$53,'Gould, Kyle'!$E$4:$E$53,$A9)+SUMIFS('Jamer, Douglas'!G$4:G$33,'Jamer, Douglas'!$E$4:$E$33,$A9)+SUMIFS('Kennedy, Michael'!G$4:G$87,'Kennedy, Michael'!$E$4:$E$87,$A9)+SUMIFS('Kennedy, Vince'!G$4:G$29,'Kennedy, Vince'!$E$4:$E$29,$A9)+SUMIFS('Morningstar, Jeremy J'!G$4:G$50,'Morningstar, Jeremy J'!$E$4:$E$50,$A9)+SUMIFS('Pendlebury, Jay'!G$4:G$31,'Pendlebury, Jay'!$E$4:$E$31,$A9)+SUMIFS('Poore, Jordan'!G$4:G$32,'Poore, Jordan'!$E$4:$E$32,$A9)+SUMIFS('Powers, Dave'!G$4:G$58,'Powers, Dave'!$E$4:$E$58,$A9) -> 0 | D9: =SUMIFS('Barrett, Ken'!H$4:H$31,'Barrett, Ken'!$E$4:$E$31,$A9)+SUMIFS('Brundage, Eric'!H$4:H$39,'Brundage, Eric'!$E$4:$E$39,$A9)+SUMIFS('Dubois, Joe'!H$4:H$70,'Dubois, Joe'!$E$4:$E$70,$A9)+SUMIFS('Gould, Kyle'!H$4:H$53,'Gould, Kyle'!$E$4:$E$53,$A9)+SUMIFS('Jamer, Douglas'!H$4:H$33,'Jamer, Douglas'!$E$4:$E$33,$A9)+SUMIFS('Kennedy, Michael'!H$4:H$87,'Kennedy, Michael'!$E$4:$E$87,$A9)+SUMIFS('Kennedy, Vince'!H$4:H$29,'Kennedy, Vince'!$E$4:$E$29,$A9)+SUMIFS('Morningstar, Jeremy J'!H$4:H$50,'Morningstar, Jeremy J'!$E$4:$E$50,$A9)+SUMIFS('Pendlebury, Jay'!H$4:H$31,'Pendlebury, Jay'!$E$4:$E$31,$A9)+SUMIFS('Poore, Jordan'!H$4:H$32,'Poore, Jordan'!$E$4:$E$32,$A9)+SUMIFS('Powers, Dave'!H$4:H$58,'Powers, Dave'!$E$4:$E$58,$A9) -> 0 | E9: =SUMIFS('Barrett, Ken'!I$4:I$31,'Barrett, Ken'!$E$4:$E$31,$A9)+SUMIFS('Brundage, Eric'!I$4:I$39,'Brundage, Eric'!$E$4:$E$39,$A9)+SUMIFS('Dubois, Joe'!I$4:I$70,'Dubois, Joe'!$E$4:$E$70,$A9)+SUMIFS('Gould, Kyle'!I$4:I$53,'Gould, Kyle'!$E$4:$E$53,$A9)+SUMIFS('Jamer, Douglas'!I$4:I$33,'Jamer, Douglas'!$E$4:$E$33,$A9)+SUMIFS('Kennedy, Michael'!I$4:I$87,'Kennedy, Michael'!$E$4:$E$87,$A9)+SUMIFS('Kennedy, Vince'!I$4:I$29,'Kennedy, Vince'!$E$4:$E$29,$A9)+SUMIFS('Morningstar, Jeremy J'!I$4:I$50,'Morningstar, Jeremy J'!$E$4:$E$50,$A9)+SUMIFS('Pendlebury, Jay'!I$4:I$31,'Pendlebury, Jay'!$E$4:$E$31,$A9)+SUMIFS('Poore, Jordan'!I$4:I$32,'Poore, Jordan'!$E$4:$E$32,$A9)+SUMIFS('Powers, Dave'!I$4:I$58,'Powers, Dave'!$E$4:$E$58,$A9) -> 0 | F9: =SUMIFS('Barrett, Ken'!J$4:J$31,'Barrett, Ken'!$E$4:$E$31,$A9)+SUMIFS('Brundage, Eric'!J$4:J$39,'Brundage, Eric'!$E$4:$E$39,$A9)+SUMIFS('Dubois, Joe'!J$4:J$70,'Dubois, Joe'!$E$4:$E$70,$A9)+SUMIFS('Gould, Kyle'!J$4:J$53,'Gould, Kyle'!$E$4:$E$53,$A9)+SUMIFS('Jamer, Douglas'!J$4:J$33,'Jamer, Douglas'!$E$4:$E$33,$A9)+SUMIFS('Kennedy, Michael'!J$4:J$87,'Kennedy, Michael'!$E$4:$E$87,$A9)+SUMIFS('Kennedy, Vince'!J$4:J$29,'Kennedy, Vince'!$E$4:$E$29,$A9)+SUMIFS('Morningstar, Jeremy J'!J$4:J$50,'Morningstar, Jeremy J'!$E$4:$E$50,$A9)+SUMIFS('Pendlebury, Jay'!J$4:J$31,'Pendlebury, Jay'!$E$4:$E$31,$A9)+SUMIFS('Poore, Jordan'!J$4:J$32,'Poore, Jordan'!$E$4:$E$32,$A9)+SUMIFS('Powers, Dave'!J$4:J$58,'Powers, Dave'!$E$4:$E$58,$A9) -> 0 | G9: =SUMIFS('Barrett, Ken'!K$4:K$31,'Barrett, Ken'!$E$4:$E$31,$A9)+SUMIFS('Brundage, Eric'!K$4:K$39,'Brundage, Eric'!$E$4:$E$39,$A9)+SUMIFS('Dubois, Joe'!K$4:K$70,'Dubois, Joe'!$E$4:$E$70,$A9)+SUMIFS('Gould, Kyle'!K$4:K$53,'Gould, Kyle'!$E$4:$E$53,$A9)+SUMIFS('Jamer, Douglas'!K$4:K$33,'Jamer, Douglas'!$E$4:$E$33,$A9)+SUMIFS('Kennedy, Michael'!K$4:K$87,'Kennedy, Michael'!$E$4:$E$87,$A9)+SUMIFS('Kennedy, Vince'!K$4:K$29,'Kennedy, Vince'!$E$4:$E$29,$A9)+SUMIFS('Morningstar, Jeremy J'!K$4:K$50,'Morningstar, Jeremy J'!$E$4:$E$50,$A9)+SUMIFS('Pendlebury, Jay'!K$4:K$31,'Pendlebury, Jay'!$E$4:$E$31,$A9)+SUMIFS('Poore, Jordan'!K$4:K$32,'Poore, Jordan'!$E$4:$E$32,$A9)+SUMIFS('Powers, Dave'!K$4:K$58,'Powers, Dave'!$E$4:$E$58,$A9) -> 0 | H9: =SUMIFS('Barrett, Ken'!L$4:L$31,'Barrett, Ken'!$E$4:$E$31,$A9)+SUMIFS('Brundage, Eric'!L$4:L$39,'Brundage, Eric'!$E$4:$E$39,$A9)+SUMIFS('Dubois, Joe'!L$4:L$70,'Dubois, Joe'!$E$4:$E$70,$A9)+SUMIFS('Gould, Kyle'!L$4:L$53,'Gould, Kyle'!$E$4:$E$53,$A9)+SUMIFS('Jamer, Douglas'!L$4:L$33,'Jamer, Douglas'!$E$4:$E$33,$A9)+SUMIFS('Kennedy, Michael'!L$4:L$87,'Kennedy, Michael'!$E$4:$E$87,$A9)+SUMIFS('Kennedy, Vince'!L$4:L$29,'Kennedy, Vince'!$E$4:$E$29,$A9)+SUMIFS('Morningstar, Jeremy J'!L$4:L$50,'Morningstar, Jeremy J'!$E$4:$E$50,$A9)+SUMIFS('Pendlebury, Jay'!L$4:L$31,'Pendlebury, Jay'!$E$4:$E$31,$A9)+SUMIFS('Poore, Jordan'!L$4:L$32,'Poore, Jordan'!$E$4:$E$32,$A9)+SUMIFS('Powers, Dave'!L$4:L$58,'Powers, Dave'!$E$4:$E$58,$A9) -> 0 | I9: =SUMIFS('Barrett, Ken'!M$4:M$31,'Barrett, Ken'!$E$4:$E$31,$A9)+SUMIFS('Brundage, Eric'!M$4:M$39,'Brundage, Eric'!$E$4:$E$39,$A9)+SUMIFS('Dubois, Joe'!M$4:M$70,'Dubois, Joe'!$E$4:$E$70,$A9)+SUMIFS('Gould, Kyle'!M$4:M$53,'Gould, Kyle'!$E$4:$E$53,$A9)+SUMIFS('Jamer, Douglas'!M$4:M$33,'Jamer, Douglas'!$E$4:$E$33,$A9)+SUMIFS('Kennedy, Michael'!M$4:M$87,'Kennedy, Michael'!$E$4:$E$87,$A9)+SUMIFS('Kennedy, Vince'!M$4:M$29,'Kennedy, Vince'!$E$4:$E$29,$A9)+SUMIFS('Morningstar, Jeremy J'!M$4:M$50,'Morningstar, Jeremy J'!$E$4:$E$50,$A9)+SUMIFS('Pendlebury, Jay'!M$4:M$31,'Pendlebury, Jay'!$E$4:$E$31,$A9)+SUMIFS('Poore, Jordan'!M$4:M$32,'Poore, Jordan'!$E$4:$E$32,$A9)+SUMIFS('Powers, Dave'!M$4:M$58,'Powers, Dave'!$E$4:$E$58,$A9) -> 0 | ... S9: =SUMIFS('Barrett, Ken'!W$4:W$31,'Barrett, Ken'!$E$4:$E$31,$A9)+SUMIFS('Brundage, Eric'!W$4:W$39,'Brundage, Eric'!$E$4:$E$39,$A9)+SUMIFS('Dubois, Joe'!W$4:W$70,'Dubois, Joe'!$E$4:$E$70,$A9)+SUMIFS('Gould, Kyle'!W$4:W$53,'Gould, Kyle'!$E$4:$E$53,$A9)+SUMIFS('Jamer, Douglas'!W$4:W$33,'Jamer, Douglas'!$E$4:$E$33,$A9)+SUMIFS('Kennedy, Michael'!W$4:W$87,'Kennedy, Michael'!$E$4:$E$87,$A9)+SUMIFS('Kennedy, Vince'!W$4:W$29,'Kennedy, Vince'!$E$4:$E$29,$A9)+SUMIFS('Morningstar, Jeremy J'!W$4:W$50,'Morningstar, Jeremy J'!$E$4:$E$50,$A9)+SUMIFS('Pendlebury, Jay'!W$4:W$31,'Pendlebury, Jay'!$E$4:$E$31,$A9)+SUMIFS('Poore, Jordan'!W$4:W$32,'Poore, Jordan'!$E$4:$E$32,$A9)+SUMIFS('Powers, Dave'!W$4:W$58,'Powers, Dave'!$E$4:$E$58,$A9) -> 0 | T9: =SUM(B9:S9) -> 0
A10: Instrumentation | B10: =SUMIFS('Barrett, Ken'!F$4:F$31,'Barrett, Ken'!$E$4:$E$31,$A10)+SUMIFS('Brundage, Eric'!F$4:F$39,'Brundage, Eric'!$E$4:$E$39,$A10)+SUMIFS('Dubois, Joe'!F$4:F$70,'Dubois, Joe'!$E$4:$E$70,$A10)+SUMIFS('Gould, Kyle'!F$4:F$53,'Gould, Kyle'!$E$4:$E$53,$A10)+SUMIFS('Jamer, Douglas'!F$4:F$33,'Jamer, Douglas'!$E$4:$E$33,$A10)+SUMIFS('Kennedy, Michael'!F$4:F$87,'Kennedy, Michael'!$E$4:$E$87,$A10)+SUMIFS('Kennedy, Vince'!F$4:F$29,'Kennedy, Vince'!$E$4:$E$29,$A10)+SUMIFS('Morningstar, Jeremy J'!F$4:F$50,'Morningstar, Jeremy J'!$E$4:$E$50,$A10)+SUMIFS('Pendlebury, Jay'!F$4:F$31,'Pendlebury, Jay'!$E$4:$E$31,$A10)+SUMIFS('Poore, Jordan'!F$4:F$32,'Poore, Jordan'!$E$4:$E$32,$A10)+SUMIFS('Powers, Dave'!F$4:F$58,'Powers, Dave'!$E$4:$E$58,$A10) -> 0 | C10: =SUMIFS('Barrett, Ken'!G$4:G$31,'Barrett, Ken'!$E$4:$E$31,$A10)+SUMIFS('Brundage, Eric'!G$4:G$39,'Brundage, Eric'!$E$4:$E$39,$A10)+SUMIFS('Dubois, Joe'!G$4:G$70,'Dubois, Joe'!$E$4:$E$70,$A10)+SUMIFS('Gould, Kyle'!G$4:G$53,'Gould, Kyle'!$E$4:$E$53,$A10)+SUMIFS('Jamer, Douglas'!G$4:G$33,'Jamer, Douglas'!$E$4:$E$33,$A10)+SUMIFS('Kennedy, Michael'!G$4:G$87,'Kennedy, Michael'!$E$4:$E$87,$A10)+SUMIFS('Kennedy, Vince'!G$4:G$29,'Kennedy, Vince'!$E$4:$E$29,$A10)+SUMIFS('Morningstar, Jeremy J'!G$4:G$50,'Morningstar, Jeremy J'!$E$4:$E$50,$A10)+SUMIFS('Pendlebury, Jay'!G$4:G$31,'Pendlebury, Jay'!$E$4:$E$31,$A10)+SUMIFS('Poore, Jordan'!G$4:G$32,'Poore, Jordan'!$E$4:$E$32,$A10)+SUMIFS('Powers, Dave'!G$4:G$58,'Powers, Dave'!$E$4:$E$58,$A10) -> 0 | D10: =SUMIFS('Barrett, Ken'!H$4:H$31,'Barrett, Ken'!$E$4:$E$31,$A10)+SUMIFS('Brundage, Eric'!H$4:H$39,'Brundage, Eric'!$E$4:$E$39,$A10)+SUMIFS('Dubois, Joe'!H$4:H$70,'Dubois, Joe'!$E$4:$E$70,$A10)+SUMIFS('Gould, Kyle'!H$4:H$53,'Gould, Kyle'!$E$4:$E$53,$A10)+SUMIFS('Jamer, Douglas'!H$4:H$33,'Jamer, Douglas'!$E$4:$E$33,$A10)+SUMIFS('Kennedy, Michael'!H$4:H$87,'Kennedy, Michael'!$E$4:$E$87,$A10)+SUMIFS('Kennedy, Vince'!H$4:H$29,'Kennedy, Vince'!$E$4:$E$29,$A10)+SUMIFS('Morningstar, Jeremy J'!H$4:H$50,'Morningstar, Jeremy J'!$E$4:$E$50,$A10)+SUMIFS('Pendlebury, Jay'!H$4:H$31,'Pendlebury, Jay'!$E$4:$E$31,$A10)+SUMIFS('Poore, Jordan'!H$4:H$32,'Poore, Jordan'!$E$4:$E$32,$A10)+SUMIFS('Powers, Dave'!H$4:H$58,'Powers, Dave'!$E$4:$E$58,$A10) -> 0 | E10: =SUMIFS('Barrett, Ken'!I$4:I$31,'Barrett, Ken'!$E$4:$E$31,$A10)+SUMIFS('Brundage, Eric'!I$4:I$39,'Brundage, Eric'!$E$4:$E$39,$A10)+SUMIFS('Dubois, Joe'!I$4:I$70,'Dubois, Joe'!$E$4:$E$70,$A10)+SUMIFS('Gould, Kyle'!I$4:I$53,'Gould, Kyle'!$E$4:$E$53,$A10)+SUMIFS('Jamer, Douglas'!I$4:I$33,'Jamer, Douglas'!$E$4:$E$33,$A10)+SUMIFS('Kennedy, Michael'!I$4:I$87,'Kennedy, Michael'!$E$4:$E$87,$A10)+SUMIFS('Kennedy, Vince'!I$4:I$29,'Kennedy, Vince'!$E$4:$E$29,$A10)+SUMIFS('Morningstar, Jeremy J'!I$4:I$50,'Morningstar, Jeremy J'!$E$4:$E$50,$A10)+SUMIFS('Pendlebury, Jay'!I$4:I$31,'Pendlebury, Jay'!$E$4:$E$31,$A10)+SUMIFS('Poore, Jordan'!I$4:I$32,'Poore, Jordan'!$E$4:$E$32,$A10)+SUMIFS('Powers, Dave'!I$4:I$58,'Powers, Dave'!$E$4:$E$58,$A10) -> 0 | F10: =SUMIFS('Barrett, Ken'!J$4:J$31,'Barrett, Ken'!$E$4:$E$31,$A10)+SUMIFS('Brundage, Eric'!J$4:J$39,'Brundage, Eric'!$E$4:$E$39,$A10)+SUMIFS('Dubois, Joe'!J$4:J$70,'Dubois, Joe'!$E$4:$E$70,$A10)+SUMIFS('Gould, Kyle'!J$4:J$53,'Gould, Kyle'!$E$4:$E$53,$A10)+SUMIFS('Jamer, Douglas'!J$4:J$33,'Jamer, Douglas'!$E$4:$E$33,$A10)+SUMIFS('Kennedy, Michael'!J$4:J$87,'Kennedy, Michael'!$E$4:$E$87,$A10)+SUMIFS('Kennedy, Vince'!J$4:J$29,'Kennedy, Vince'!$E$4:$E$29,$A10)+SUMIFS('Morningstar, Jeremy J'!J$4:J$50,'Morningstar, Jeremy J'!$E$4:$E$50,$A10)+SUMIFS('Pendlebury, Jay'!J$4:J$31,'Pendlebury, Jay'!$E$4:$E$31,$A10)+SUMIFS('Poore, Jordan'!J$4:J$32,'Poore, Jordan'!$E$4:$E$32,$A10)+SUMIFS('Powers, Dave'!J$4:J$58,'Powers, Dave'!$E$4:$E$58,$A10) -> 0 | G10: =SUMIFS('Barrett, Ken'!K$4:K$31,'Barrett, Ken'!$E$4:$E$31,$A10)+SUMIFS('Brundage, Eric'!K$4:K$39,'Brundage, Eric'!$E$4:$E$39,$A10)+SUMIFS('Dubois, Joe'!K$4:K$70,'Dubois, Joe'!$E$4:$E$70,$A10)+SUMIFS('Gould, Kyle'!K$4:K$53,'Gould, Kyle'!$E$4:$E$53,$A10)+SUMIFS('Jamer, Douglas'!K$4:K$33,'Jamer, Douglas'!$E$4:$E$33,$A10)+SUMIFS('Kennedy, Michael'!K$4:K$87,'Kennedy, Michael'!$E$4:$E$87,$A10)+SUMIFS('Kennedy, Vince'!K$4:K$29,'Kennedy, Vince'!$E$4:$E$29,$A10)+SUMIFS('Morningstar, Jeremy J'!K$4:K$50,'Morningstar, Jeremy J'!$E$4:$E$50,$A10)+SUMIFS('Pendlebury, Jay'!K$4:K$31,'Pendlebury, Jay'!$E$4:$E$31,$A10)+SUMIFS('Poore, Jordan'!K$4:K$32,'Poore, Jordan'!$E$4:$E$32,$A10)+SUMIFS('Powers, Dave'!K$4:K$58,'Powers, Dave'!$E$4:$E$58,$A10) -> 0 | H10: =SUMIFS('Barrett, Ken'!L$4:L$31,'Barrett, Ken'!$E$4:$E$31,$A10)+SUMIFS('Brundage, Eric'!L$4:L$39,'Brundage, Eric'!$E$4:$E$39,$A10)+SUMIFS('Dubois, Joe'!L$4:L$70,'Dubois, Joe'!$E$4:$E$70,$A10)+SUMIFS('Gould, Kyle'!L$4:L$53,'Gould, Kyle'!$E$4:$E$53,$A10)+SUMIFS('Jamer, Douglas'!L$4:L$33,'Jamer, Douglas'!$E$4:$E$33,$A10)+SUMIFS('Kennedy, Michael'!L$4:L$87,'Kennedy, Michael'!$E$4:$E$87,$A10)+SUMIFS('Kennedy, Vince'!L$4:L$29,'Kennedy, Vince'!$E$4:$E$29,$A10)+SUMIFS('Morningstar, Jeremy J'!L$4:L$50,'Morningstar, Jeremy J'!$E$4:$E$50,$A10)+SUMIFS('Pendlebury, Jay'!L$4:L$31,'Pendlebury, Jay'!$E$4:$E$31,$A10)+SUMIFS('Poore, Jordan'!L$4:L$32,'Poore, Jordan'!$E$4:$E$32,$A10)+SUMIFS('Powers, Dave'!L$4:L$58,'Powers, Dave'!$E$4:$E$58,$A10) -> 0 | I10: =SUMIFS('Barrett, Ken'!M$4:M$31,'Barrett, Ken'!$E$4:$E$31,$A10)+SUMIFS('Brundage, Eric'!M$4:M$39,'Brundage, Eric'!$E$4:$E$39,$A10)+SUMIFS('Dubois, Joe'!M$4:M$70,'Dubois, Joe'!$E$4:$E$70,$A10)+SUMIFS('Gould, Kyle'!M$4:M$53,'Gould, Kyle'!$E$4:$E$53,$A10)+SUMIFS('Jamer, Douglas'!M$4:M$33,'Jamer, Douglas'!$E$4:$E$33,$A10)+SUMIFS('Kennedy, Michael'!M$4:M$87,'Kennedy, Michael'!$E$4:$E$87,$A10)+SUMIFS('Kennedy, Vince'!M$4:M$29,'Kennedy, Vince'!$E$4:$E$29,$A10)+SUMIFS('Morningstar, Jeremy J'!M$4:M$50,'Morningstar, Jeremy J'!$E$4:$E$50,$A10)+SUMIFS('Pendlebury, Jay'!M$4:M$31,'Pendlebury, Jay'!$E$4:$E$31,$A10)+SUMIFS('Poore, Jordan'!M$4:M$32,'Poore, Jordan'!$E$4:$E$32,$A10)+SUMIFS('Powers, Dave'!M$4:M$58,'Powers, Dave'!$E$4:$E$58,$A10) -> 0 | ... S10: =SUMIFS('Barrett, Ken'!W$4:W$31,'Barrett, Ken'!$E$4:$E$31,$A10)+SUMIFS('Brundage, Eric'!W$4:W$39,'Brundage, Eric'!$E$4:$E$39,$A10)+SUMIFS('Dubois, Joe'!W$4:W$70,'Dubois, Joe'!$E$4:$E$70,$A10)+SUMIFS('Gould, Kyle'!W$4:W$53,'Gould, Kyle'!$E$4:$E$53,$A10)+SUMIFS('Jamer, Douglas'!W$4:W$33,'Jamer, Douglas'!$E$4:$E$33,$A10)+SUMIFS('Kennedy, Michael'!W$4:W$87,'Kennedy, Michael'!$E$4:$E$87,$A10)+SUMIFS('Kennedy, Vince'!W$4:W$29,'Kennedy, Vince'!$E$4:$E$29,$A10)+SUMIFS('Morningstar, Jeremy J'!W$4:W$50,'Morningstar, Jeremy J'!$E$4:$E$50,$A10)+SUMIFS('Pendlebury, Jay'!W$4:W$31,'Pendlebury, Jay'!$E$4:$E$31,$A10)+SUMIFS('Poore, Jordan'!W$4:W$32,'Poore, Jordan'!$E$4:$E$32,$A10)+SUMIFS('Powers, Dave'!W$4:W$58,'Powers, Dave'!$E$4:$E$58,$A10) -> 0 | T10: =SUM(B10:S10) -> 0
A11: Insulator | B11: =SUMIFS('Barrett, Ken'!F$4:F$31,'Barrett, Ken'!$E$4:$E$31,$A11)+SUMIFS('Brundage, Eric'!F$4:F$39,'Brundage, Eric'!$E$4:$E$39,$A11)+SUMIFS('Dubois, Joe'!F$4:F$70,'Dubois, Joe'!$E$4:$E$70,$A11)+SUMIFS('Gould, Kyle'!F$4:F$53,'Gould, Kyle'!$E$4:$E$53,$A11)+SUMIFS('Jamer, Douglas'!F$4:F$33,'Jamer, Douglas'!$E$4:$E$33,$A11)+SUMIFS('Kennedy, Michael'!F$4:F$87,'Kennedy, Michael'!$E$4:$E$87,$A11)+SUMIFS('Kennedy, Vince'!F$4:F$29,'Kennedy, Vince'!$E$4:$E$29,$A11)+SUMIFS('Morningstar, Jeremy J'!F$4:F$50,'Morningstar, Jeremy J'!$E$4:$E$50,$A11)+SUMIFS('Pendlebury, Jay'!F$4:F$31,'Pendlebury, Jay'!$E$4:$E$31,$A11)+SUMIFS('Poore, Jordan'!F$4:F$32,'Poore, Jordan'!$E$4:$E$32,$A11)+SUMIFS('Powers, Dave'!F$4:F$58,'Powers, Dave'!$E$4:$E$58,$A11) -> 0 | C11: =SUMIFS('Barrett, Ken'!G$4:G$31,'Barrett, Ken'!$E$4:$E$31,$A11)+SUMIFS('Brundage, Eric'!G$4:G$39,'Brundage, Eric'!$E$4:$E$39,$A11)+SUMIFS('Dubois, Joe'!G$4:G$70,'Dubois, Joe'!$E$4:$E$70,$A11)+SUMIFS('Gould, Kyle'!G$4:G$53,'Gould, Kyle'!$E$4:$E$53,$A11)+SUMIFS('Jamer, Douglas'!G$4:G$33,'Jamer, Douglas'!$E$4:$E$33,$A11)+SUMIFS('Kennedy, Michael'!G$4:G$87,'Kennedy, Michael'!$E$4:$E$87,$A11)+SUMIFS('Kennedy, Vince'!G$4:G$29,'Kennedy, Vince'!$E$4:$E$29,$A11)+SUMIFS('Morningstar, Jeremy J'!G$4:G$50,'Morningstar, Jeremy J'!$E$4:$E$50,$A11)+SUMIFS('Pendlebury, Jay'!G$4:G$31,'Pendlebury, Jay'!$E$4:$E$31,$A11)+SUMIFS('Poore, Jordan'!G$4:G$32,'Poore, Jordan'!$E$4:$E$32,$A11)+SUMIFS('Powers, Dave'!G$4:G$58,'Powers, Dave'!$E$4:$E$58,$A11) -> 0 | D11: =SUMIFS('Barrett, Ken'!H$4:H$31,'Barrett, Ken'!$E$4:$E$31,$A11)+SUMIFS('Brundage, Eric'!H$4:H$39,'Brundage, Eric'!$E$4:$E$39,$A11)+SUMIFS('Dubois, Joe'!H$4:H$70,'Dubois, Joe'!$E$4:$E$70,$A11)+SUMIFS('Gould, Kyle'!H$4:H$53,'Gould, Kyle'!$E$4:$E$53,$A11)+SUMIFS('Jamer, Douglas'!H$4:H$33,'Jamer, Douglas'!$E$4:$E$33,$A11)+SUMIFS('Kennedy, Michael'!H$4:H$87,'Kennedy, Michael'!$E$4:$E$87,$A11)+SUMIFS('Kennedy, Vince'!H$4:H$29,'Kennedy, Vince'!$E$4:$E$29,$A11)+SUMIFS('Morningstar, Jeremy J'!H$4:H$50,'Morningstar, Jeremy J'!$E$4:$E$50,$A11)+SUMIFS('Pendlebury, Jay'!H$4:H$31,'Pendlebury, Jay'!$E$4:$E$31,$A11)+SUMIFS('Poore, Jordan'!H$4:H$32,'Poore, Jordan'!$E$4:$E$32,$A11)+SUMIFS('Powers, Dave'!H$4:H$58,'Powers, Dave'!$E$4:$E$58,$A11) -> 0 | E11: =SUMIFS('Barrett, Ken'!I$4:I$31,'Barrett, Ken'!$E$4:$E$31,$A11)+SUMIFS('Brundage, Eric'!I$4:I$39,'Brundage, Eric'!$E$4:$E$39,$A11)+SUMIFS('Dubois, Joe'!I$4:I$70,'Dubois, Joe'!$E$4:$E$70,$A11)+SUMIFS('Gould, Kyle'!I$4:I$53,'Gould, Kyle'!$E$4:$E$53,$A11)+SUMIFS('Jamer, Douglas'!I$4:I$33,'Jamer, Douglas'!$E$4:$E$33,$A11)+SUMIFS('Kennedy, Michael'!I$4:I$87,'Kennedy, Michael'!$E$4:$E$87,$A11)+SUMIFS('Kennedy, Vince'!I$4:I$29,'Kennedy, Vince'!$E$4:$E$29,$A11)+SUMIFS('Morningstar, Jeremy J'!I$4:I$50,'Morningstar, Jeremy J'!$E$4:$E$50,$A11)+SUMIFS('Pendlebury, Jay'!I$4:I$31,'Pendlebury, Jay'!$E$4:$E$31,$A11)+SUMIFS('Poore, Jordan'!I$4:I$32,'Poore, Jordan'!$E$4:$E$32,$A11)+SUMIFS('Powers, Dave'!I$4:I$58,'Powers, Dave'!$E$4:$E$58,$A11) -> 0 | F11: =SUMIFS('Barrett, Ken'!J$4:J$31,'Barrett, Ken'!$E$4:$E$31,$A11)+SUMIFS('Brundage, Eric'!J$4:J$39,'Brundage, Eric'!$E$4:$E$39,$A11)+SUMIFS('Dubois, Joe'!J$4:J$70,'Dubois, Joe'!$E$4:$E$70,$A11)+SUMIFS('Gould, Kyle'!J$4:J$53,'Gould, Kyle'!$E$4:$E$53,$A11)+SUMIFS('Jamer, Douglas'!J$4:J$33,'Jamer, Douglas'!$E$4:$E$33,$A11)+SUMIFS('Kennedy, Michael'!J$4:J$87,'Kennedy, Michael'!$E$4:$E$87,$A11)+SUMIFS('Kennedy, Vince'!J$4:J$29,'Kennedy, Vince'!$E$4:$E$29,$A11)+SUMIFS('Morningstar, Jeremy J'!J$4:J$50,'Morningstar, Jeremy J'!$E$4:$E$50,$A11)+SUMIFS('Pendlebury, Jay'!J$4:J$31,'Pendlebury, Jay'!$E$4:$E$31,$A11)+SUMIFS('Poore, Jordan'!J$4:J$32,'Poore, Jordan'!$E$4:$E$32,$A11)+SUMIFS('Powers, Dave'!J$4:J$58,'Powers, Dave'!$E$4:$E$58,$A11) -> 0 | G11: =SUMIFS('Barrett, Ken'!K$4:K$31,'Barrett, Ken'!$E$4:$E$31,$A11)+SUMIFS('Brundage, Eric'!K$4:K$39,'Brundage, Eric'!$E$4:$E$39,$A11)+SUMIFS('Dubois, Joe'!K$4:K$70,'Dubois, Joe'!$E$4:$E$70,$A11)+SUMIFS('Gould, Kyle'!K$4:K$53,'Gould, Kyle'!$E$4:$E$53,$A11)+SUMIFS('Jamer, Douglas'!K$4:K$33,'Jamer, Douglas'!$E$4:$E$33,$A11)+SUMIFS('Kennedy, Michael'!K$4:K$87,'Kennedy, Michael'!$E$4:$E$87,$A11)+SUMIFS('Kennedy, Vince'!K$4:K$29,'Kennedy, Vince'!$E$4:$E$29,$A11)+SUMIFS('Morningstar, Jeremy J'!K$4:K$50,'Morningstar, Jeremy J'!$E$4:$E$50,$A11)+SUMIFS('Pendlebury, Jay'!K$4:K$31,'Pendlebury, Jay'!$E$4:$E$31,$A11)+SUMIFS('Poore, Jordan'!K$4:K$32,'Poore, Jordan'!$E$4:$E$32,$A11)+SUMIFS('Powers, Dave'!K$4:K$58,'Powers, Dave'!$E$4:$E$58,$A11) -> 0 | H11: =SUMIFS('Barrett, Ken'!L$4:L$31,'Barrett, Ken'!$E$4:$E$31,$A11)+SUMIFS('Brundage, Eric'!L$4:L$39,'Brundage, Eric'!$E$4:$E$39,$A11)+SUMIFS('Dubois, Joe'!L$4:L$70,'Dubois, Joe'!$E$4:$E$70,$A11)+SUMIFS('Gould, Kyle'!L$4:L$53,'Gould, Kyle'!$E$4:$E$53,$A11)+SUMIFS('Jamer, Douglas'!L$4:L$33,'Jamer, Douglas'!$E$4:$E$33,$A11)+SUMIFS('Kennedy, Michael'!L$4:L$87,'Kennedy, Michael'!$E$4:$E$87,$A11)+SUMIFS('Kennedy, Vince'!L$4:L$29,'Kennedy, Vince'!$E$4:$E$29,$A11)+SUMIFS('Morningstar, Jeremy J'!L$4:L$50,'Morningstar, Jeremy J'!$E$4:$E$50,$A11)+SUMIFS('Pendlebury, Jay'!L$4:L$31,'Pendlebury, Jay'!$E$4:$E$31,$A11)+SUMIFS('Poore, Jordan'!L$4:L$32,'Poore, Jordan'!$E$4:$E$32,$A11)+SUMIFS('Powers, Dave'!L$4:L$58,'Powers, Dave'!$E$4:$E$58,$A11) -> 0 | I11: =SUMIFS('Barrett, Ken'!M$4:M$31,'Barrett, Ken'!$E$4:$E$31,$A11)+SUMIFS('Brundage, Eric'!M$4:M$39,'Brundage, Eric'!$E$4:$E$39,$A11)+SUMIFS('Dubois, Joe'!M$4:M$70,'Dubois, Joe'!$E$4:$E$70,$A11)+SUMIFS('Gould, Kyle'!M$4:M$53,'Gould, Kyle'!$E$4:$E$53,$A11)+SUMIFS('Jamer, Douglas'!M$4:M$33,'Jamer, Douglas'!$E$4:$E$33,$A11)+SUMIFS('Kennedy, Michael'!M$4:M$87,'Kennedy, Michael'!$E$4:$E$87,$A11)+SUMIFS('Kennedy, Vince'!M$4:M$29,'Kennedy, Vince'!$E$4:$E$29,$A11)+SUMIFS('Morningstar, Jeremy J'!M$4:M$50,'Morningstar, Jeremy J'!$E$4:$E$50,$A11)+SUMIFS('Pendlebury, Jay'!M$4:M$31,'Pendlebury, Jay'!$E$4:$E$31,$A11)+SUMIFS('Poore, Jordan'!M$4:M$32,'Poore, Jordan'!$E$4:$E$32,$A11)+SUMIFS('Powers, Dave'!M$4:M$58,'Powers, Dave'!$E$4:$E$58,$A11) -> 0 | ... S11: =SUMIFS('Barrett, Ken'!W$4:W$31,'Barrett, Ken'!$E$4:$E$31,$A11)+SUMIFS('Brundage, Eric'!W$4:W$39,'Brundage, Eric'!$E$4:$E$39,$A11)+SUMIFS('Dubois, Joe'!W$4:W$70,'Dubois, Joe'!$E$4:$E$70,$A11)+SUMIFS('Gould, Kyle'!W$4:W$53,'Gould, Kyle'!$E$4:$E$53,$A11)+SUMIFS('Jamer, Douglas'!W$4:W$33,'Jamer, Douglas'!$E$4:$E$33,$A11)+SUMIFS('Kennedy, Michael'!W$4:W$87,'Kennedy, Michael'!$E$4:$E$87,$A11)+SUMIFS('Kennedy, Vince'!W$4:W$29,'Kennedy, Vince'!$E$4:$E$29,$A11)+SUMIFS('Morningstar, Jeremy J'!W$4:W$50,'Morningstar, Jeremy J'!$E$4:$E$50,$A11)+SUMIFS('Pendlebury, Jay'!W$4:W$31,'Pendlebury, Jay'!$E$4:$E$31,$A11)+SUMIFS('Poore, Jordan'!W$4:W$32,'Poore, Jordan'!$E$4:$E$32,$A11)+SUMIFS('Powers, Dave'!W$4:W$58,'Powers, Dave'!$E$4:$E$58,$A11) -> 0 | T11: =SUM(B11:S11) -> 0
A12: Scaffolder | B12: =SUMIFS('Barrett, Ken'!F$4:F$31,'Barrett, Ken'!$E$4:$E$31,$A12)+SUMIFS('Brundage, Eric'!F$4:F$39,'Brundage, Eric'!$E$4:$E$39,$A12)+SUMIFS('Dubois, Joe'!F$4:F$70,'Dubois, Joe'!$E$4:$E$70,$A12)+SUMIFS('Gould, Kyle'!F$4:F$53,'Gould, Kyle'!$E$4:$E$53,$A12)+SUMIFS('Jamer, Douglas'!F$4:F$33,'Jamer, Douglas'!$E$4:$E$33,$A12)+SUMIFS('Kennedy, Michael'!F$4:F$87,'Kennedy, Michael'!$E$4:$E$87,$A12)+SUMIFS('Kennedy, Vince'!F$4:F$29,'Kennedy, Vince'!$E$4:$E$29,$A12)+SUMIFS('Morningstar, Jeremy J'!F$4:F$50,'Morningstar, Jeremy J'!$E$4:$E$50,$A12)+SUMIFS('Pendlebury, Jay'!F$4:F$31,'Pendlebury, Jay'!$E$4:$E$31,$A12)+SUMIFS('Poore, Jordan'!F$4:F$32,'Poore, Jordan'!$E$4:$E$32,$A12)+SUMIFS('Powers, Dave'!F$4:F$58,'Powers, Dave'!$E$4:$E$58,$A12) -> 0 | C12: =SUMIFS('Barrett, Ken'!G$4:G$31,'Barrett, Ken'!$E$4:$E$31,$A12)+SUMIFS('Brundage, Eric'!G$4:G$39,'Brundage, Eric'!$E$4:$E$39,$A12)+SUMIFS('Dubois, Joe'!G$4:G$70,'Dubois, Joe'!$E$4:$E$70,$A12)+SUMIFS('Gould, Kyle'!G$4:G$53,'Gould, Kyle'!$E$4:$E$53,$A12)+SUMIFS('Jamer, Douglas'!G$4:G$33,'Jamer, Douglas'!$E$4:$E$33,$A12)+SUMIFS('Kennedy, Michael'!G$4:G$87,'Kennedy, Michael'!$E$4:$E$87,$A12)+SUMIFS('Kennedy, Vince'!G$4:G$29,'Kennedy, Vince'!$E$4:$E$29,$A12)+SUMIFS('Morningstar, Jeremy J'!G$4:G$50,'Morningstar, Jeremy J'!$E$4:$E$50,$A12)+SUMIFS('Pendlebury, Jay'!G$4:G$31,'Pendlebury, Jay'!$E$4:$E$31,$A12)+SUMIFS('Poore, Jordan'!G$4:G$32,'Poore, Jordan'!$E$4:$E$32,$A12)+SUMIFS('Powers, Dave'!G$4:G$58,'Powers, Dave'!$E$4:$E$58,$A12) -> 0 | D12: =SUMIFS('Barrett, Ken'!H$4:H$31,'Barrett, Ken'!$E$4:$E$31,$A12)+SUMIFS('Brundage, Eric'!H$4:H$39,'Brundage, Eric'!$E$4:$E$39,$A12)+SUMIFS('Dubois, Joe'!H$4:H$70,'Dubois, Joe'!$E$4:$E$70,$A12)+SUMIFS('Gould, Kyle'!H$4:H$53,'Gould, Kyle'!$E$4:$E$53,$A12)+SUMIFS('Jamer, Douglas'!H$4:H$33,'Jamer, Douglas'!$E$4:$E$33,$A12)+SUMIFS('Kennedy, Michael'!H$4:H$87,'Kennedy, Michael'!$E$4:$E$87,$A12)+SUMIFS('Kennedy, Vince'!H$4:H$29,'Kennedy, Vince'!$E$4:$E$29,$A12)+SUMIFS('Morningstar, Jeremy J'!H$4:H$50,'Morningstar, Jeremy J'!$E$4:$E$50,$A12)+SUMIFS('Pendlebury, Jay'!H$4:H$31,'Pendlebury, Jay'!$E$4:$E$31,$A12)+SUMIFS('Poore, Jordan'!H$4:H$32,'Poore, Jordan'!$E$4:$E$32,$A12)+SUMIFS('Powers, Dave'!H$4:H$58,'Powers, Dave'!$E$4:$E$58,$A12) -> 0 | E12: =SUMIFS('Barrett, Ken'!I$4:I$31,'Barrett, Ken'!$E$4:$E$31,$A12)+SUMIFS('Brundage, Eric'!I$4:I$39,'Brundage, Eric'!$E$4:$E$39,$A12)+SUMIFS('Dubois, Joe'!I$4:I$70,'Dubois, Joe'!$E$4:$E$70,$A12)+SUMIFS('Gould, Kyle'!I$4:I$53,'Gould, Kyle'!$E$4:$E$53,$A12)+SUMIFS('Jamer, Douglas'!I$4:I$33,'Jamer, Douglas'!$E$4:$E$33,$A12)+SUMIFS('Kennedy, Michael'!I$4:I$87,'Kennedy, Michael'!$E$4:$E$87,$A12)+SUMIFS('Kennedy, Vince'!I$4:I$29,'Kennedy, Vince'!$E$4:$E$29,$A12)+SUMIFS('Morningstar, Jeremy J'!I$4:I$50,'Morningstar, Jeremy J'!$E$4:$E$50,$A12)+SUMIFS('Pendlebury, Jay'!I$4:I$31,'Pendlebury, Jay'!$E$4:$E$31,$A12)+SUMIFS('Poore, Jordan'!I$4:I$32,'Poore, Jordan'!$E$4:$E$32,$A12)+SUMIFS('Powers, Dave'!I$4:I$58,'Powers, Dave'!$E$4:$E$58,$A12) -> 0 | F12: =SUMIFS('Barrett, Ken'!J$4:J$31,'Barrett, Ken'!$E$4:$E$31,$A12)+SUMIFS('Brundage, Eric'!J$4:J$39,'Brundage, Eric'!$E$4:$E$39,$A12)+SUMIFS('Dubois, Joe'!J$4:J$70,'Dubois, Joe'!$E$4:$E$70,$A12)+SUMIFS('Gould, Kyle'!J$4:J$53,'Gould, Kyle'!$E$4:$E$53,$A12)+SUMIFS('Jamer, Douglas'!J$4:J$33,'Jamer, Douglas'!$E$4:$E$33,$A12)+SUMIFS('Kennedy, Michael'!J$4:J$87,'Kennedy, Michael'!$E$4:$E$87,$A12)+SUMIFS('Kennedy, Vince'!J$4:J$29,'Kennedy, Vince'!$E$4:$E$29,$A12)+SUMIFS('Morningstar, Jeremy J'!J$4:J$50,'Morningstar, Jeremy J'!$E$4:$E$50,$A12)+SUMIFS('Pendlebury, Jay'!J$4:J$31,'Pendlebury, Jay'!$E$4:$E$31,$A12)+SUMIFS('Poore, Jordan'!J$4:J$32,'Poore, Jordan'!$E$4:$E$32,$A12)+SUMIFS('Powers, Dave'!J$4:J$58,'Powers, Dave'!$E$4:$E$58,$A12) -> 0 | G12: =SUMIFS('Barrett, Ken'!K$4:K$31,'Barrett, Ken'!$E$4:$E$31,$A12)+SUMIFS('Brundage, Eric'!K$4:K$39,'Brundage, Eric'!$E$4:$E$39,$A12)+SUMIFS('Dubois, Joe'!K$4:K$70,'Dubois, Joe'!$E$4:$E$70,$A12)+SUMIFS('Gould, Kyle'!K$4:K$53,'Gould, Kyle'!$E$4:$E$53,$A12)+SUMIFS('Jamer, Douglas'!K$4:K$33,'Jamer, Douglas'!$E$4:$E$33,$A12)+SUMIFS('Kennedy, Michael'!K$4:K$87,'Kennedy, Michael'!$E$4:$E$87,$A12)+SUMIFS('Kennedy, Vince'!K$4:K$29,'Kennedy, Vince'!$E$4:$E$29,$A12)+SUMIFS('Morningstar, Jeremy J'!K$4:K$50,'Morningstar, Jeremy J'!$E$4:$E$50,$A12)+SUMIFS('Pendlebury, Jay'!K$4:K$31,'Pendlebury, Jay'!$E$4:$E$31,$A12)+SUMIFS('Poore, Jordan'!K$4:K$32,'Poore, Jordan'!$E$4:$E$32,$A12)+SUMIFS('Powers, Dave'!K$4:K$58,'Powers, Dave'!$E$4:$E$58,$A12) -> 0 | H12: =SUMIFS('Barrett, Ken'!L$4:L$31,'Barrett, Ken'!$E$4:$E$31,$A12)+SUMIFS('Brundage, Eric'!L$4:L$39,'Brundage, Eric'!$E$4:$E$39,$A12)+SUMIFS('Dubois, Joe'!L$4:L$70,'Dubois, Joe'!$E$4:$E$70,$A12)+SUMIFS('Gould, Kyle'!L$4:L$53,'Gould, Kyle'!$E$4:$E$53,$A12)+SUMIFS('Jamer, Douglas'!L$4:L$33,'Jamer, Douglas'!$E$4:$E$33,$A12)+SUMIFS('Kennedy, Michael'!L$4:L$87,'Kennedy, Michael'!$E$4:$E$87,$A12)+SUMIFS('Kennedy, Vince'!L$4:L$29,'Kennedy, Vince'!$E$4:$E$29,$A12)+SUMIFS('Morningstar, Jeremy J'!L$4:L$50,'Morningstar, Jeremy J'!$E$4:$E$50,$A12)+SUMIFS('Pendlebury, Jay'!L$4:L$31,'Pendlebury, Jay'!$E$4:$E$31,$A12)+SUMIFS('Poore, Jordan'!L$4:L$32,'Poore, Jordan'!$E$4:$E$32,$A12)+SUMIFS('Powers, Dave'!L$4:L$58,'Powers, Dave'!$E$4:$E$58,$A12) -> 0 | I12: =SUMIFS('Barrett, Ken'!M$4:M$31,'Barrett, Ken'!$E$4:$E$31,$A12)+SUMIFS('Brundage, Eric'!M$4:M$39,'Brundage, Eric'!$E$4:$E$39,$A12)+SUMIFS('Dubois, Joe'!M$4:M$70,'Dubois, Joe'!$E$4:$E$70,$A12)+SUMIFS('Gould, Kyle'!M$4:M$53,'Gould, Kyle'!$E$4:$E$53,$A12)+SUMIFS('Jamer, Douglas'!M$4:M$33,'Jamer, Douglas'!$E$4:$E$33,$A12)+SUMIFS('Kennedy, Michael'!M$4:M$87,'Kennedy, Michael'!$E$4:$E$87,$A12)+SUMIFS('Kennedy, Vince'!M$4:M$29,'Kennedy, Vince'!$E$4:$E$29,$A12)+SUMIFS('Morningstar, Jeremy J'!M$4:M$50,'Morningstar, Jeremy J'!$E$4:$E$50,$A12)+SUMIFS('Pendlebury, Jay'!M$4:M$31,'Pendlebury, Jay'!$E$4:$E$31,$A12)+SUMIFS('Poore, Jordan'!M$4:M$32,'Poore, Jordan'!$E$4:$E$32,$A12)+SUMIFS('Powers, Dave'!M$4:M$58,'Powers, Dave'!$E$4:$E$58,$A12) -> 0 | ... S12: =SUMIFS('Barrett, Ken'!W$4:W$31,'Barrett, Ken'!$E$4:$E$31,$A12)+SUMIFS('Brundage, Eric'!W$4:W$39,'Brundage, Eric'!$E$4:$E$39,$A12)+SUMIFS('Dubois, Joe'!W$4:W$70,'Dubois, Joe'!$E$4:$E$70,$A12)+SUMIFS('Gould, Kyle'!W$4:W$53,'Gould, Kyle'!$E$4:$E$53,$A12)+SUMIFS('Jamer, Douglas'!W$4:W$33,'Jamer, Douglas'!$E$4:$E$33,$A12)+SUMIFS('Kennedy, Michael'!W$4:W$87,'Kennedy, Michael'!$E$4:$E$87,$A12)+SUMIFS('Kennedy, Vince'!W$4:W$29,'Kennedy, Vince'!$E$4:$E$29,$A12)+SUMIFS('Morningstar, Jeremy J'!W$4:W$50,'Morningstar, Jeremy J'!$E$4:$E$50,$A12)+SUMIFS('Pendlebury, Jay'!W$4:W$31,'Pendlebury, Jay'!$E$4:$E$31,$A12)+SUMIFS('Poore, Jordan'!W$4:W$32,'Poore, Jordan'!$E$4:$E$32,$A12)+SUMIFS('Powers, Dave'!W$4:W$58,'Powers, Dave'!$E$4:$E$58,$A12) -> 0 | T12: =SUM(B12:S12) -> 0
A13: Labourer | B13: =SUMIFS('Barrett, Ken'!F$4:F$31,'Barrett, Ken'!$E$4:$E$31,$A13)+SUMIFS('Brundage, Eric'!F$4:F$39,'Brundage, Eric'!$E$4:$E$39,$A13)+SUMIFS('Dubois, Joe'!F$4:F$70,'Dubois, Joe'!$E$4:$E$70,$A13)+SUMIFS('Gould, Kyle'!F$4:F$53,'Gould, Kyle'!$E$4:$E$53,$A13)+SUMIFS('Jamer, Douglas'!F$4:F$33,'Jamer, Douglas'!$E$4:$E$33,$A13)+SUMIFS('Kennedy, Michael'!F$4:F$87,'Kennedy, Michael'!$E$4:$E$87,$A13)+SUMIFS('Kennedy, Vince'!F$4:F$29,'Kennedy, Vince'!$E$4:$E$29,$A13)+SUMIFS('Morningstar, Jeremy J'!F$4:F$50,'Morningstar, Jeremy J'!$E$4:$E$50,$A13)+SUMIFS('Pendlebury, Jay'!F$4:F$31,'Pendlebury, Jay'!$E$4:$E$31,$A13)+SUMIFS('Poore, Jordan'!F$4:F$32,'Poore, Jordan'!$E$4:$E$32,$A13)+SUMIFS('Powers, Dave'!F$4:F$58,'Powers, Dave'!$E$4:$E$58,$A13) -> 0 | C13: =SUMIFS('Barrett, Ken'!G$4:G$31,'Barrett, Ken'!$E$4:$E$31,$A13)+SUMIFS('Brundage, Eric'!G$4:G$39,'Brundage, Eric'!$E$4:$E$39,$A13)+SUMIFS('Dubois, Joe'!G$4:G$70,'Dubois, Joe'!$E$4:$E$70,$A13)+SUMIFS('Gould, Kyle'!G$4:G$53,'Gould, Kyle'!$E$4:$E$53,$A13)+SUMIFS('Jamer, Douglas'!G$4:G$33,'Jamer, Douglas'!$E$4:$E$33,$A13)+SUMIFS('Kennedy, Michael'!G$4:G$87,'Kennedy, Michael'!$E$4:$E$87,$A13)+SUMIFS('Kennedy, Vince'!G$4:G$29,'Kennedy, Vince'!$E$4:$E$29,$A13)+SUMIFS('Morningstar, Jeremy J'!G$4:G$50,'Morningstar, Jeremy J'!$E$4:$E$50,$A13)+SUMIFS('Pendlebury, Jay'!G$4:G$31,'Pendlebury, Jay'!$E$4:$E$31,$A13)+SUMIFS('Poore, Jordan'!G$4:G$32,'Poore, Jordan'!$E$4:$E$32,$A13)+SUMIFS('Powers, Dave'!G$4:G$58,'Powers, Dave'!$E$4:$E$58,$A13) -> 0 | D13: =SUMIFS('Barrett, Ken'!H$4:H$31,'Barrett, Ken'!$E$4:$E$31,$A13)+SUMIFS('Brundage, Eric'!H$4:H$39,'Brundage, Eric'!$E$4:$E$39,$A13)+SUMIFS('Dubois, Joe'!H$4:H$70,'Dubois, Joe'!$E$4:$E$70,$A13)+SUMIFS('Gould, Kyle'!H$4:H$53,'Gould, Kyle'!$E$4:$E$53,$A13)+SUMIFS('Jamer, Douglas'!H$4:H$33,'Jamer, Douglas'!$E$4:$E$33,$A13)+SUMIFS('Kennedy, Michael'!H$4:H$87,'Kennedy, Michael'!$E$4:$E$87,$A13)+SUMIFS('Kennedy, Vince'!H$4:H$29,'Kennedy, Vince'!$E$4:$E$29,$A13)+SUMIFS('Morningstar, Jeremy J'!H$4:H$50,'Morningstar, Jeremy J'!$E$4:$E$50,$A13)+SUMIFS('Pendlebury, Jay'!H$4:H$31,'Pendlebury, Jay'!$E$4:$E$31,$A13)+SUMIFS('Poore, Jordan'!H$4:H$32,'Poore, Jordan'!$E$4:$E$32,$A13)+SUMIFS('Powers, Dave'!H$4:H$58,'Powers, Dave'!$E$4:$E$58,$A13) -> 0 | E13: =SUMIFS('Barrett, Ken'!I$4:I$31,'Barrett, Ken'!$E$4:$E$31,$A13)+SUMIFS('Brundage, Eric'!I$4:I$39,'Brundage, Eric'!$E$4:$E$39,$A13)+SUMIFS('Dubois, Joe'!I$4:I$70,'Dubois, Joe'!$E$4:$E$70,$A13)+SUMIFS('Gould, Kyle'!I$4:I$53,'Gould, Kyle'!$E$4:$E$53,$A13)+SUMIFS('Jamer, Douglas'!I$4:I$33,'Jamer, Douglas'!$E$4:$E$33,$A13)+SUMIFS('Kennedy, Michael'!I$4:I$87,'Kennedy, Michael'!$E$4:$E$87,$A13)+SUMIFS('Kennedy, Vince'!I$4:I$29,'Kennedy, Vince'!$E$4:$E$29,$A13)+SUMIFS('Morningstar, Jeremy J'!I$4:I$50,'Morningstar, Jeremy J'!$E$4:$E$50,$A13)+SUMIFS('Pendlebury, Jay'!I$4:I$31,'Pendlebury, Jay'!$E$4:$E$31,$A13)+SUMIFS('Poore, Jordan'!I$4:I$32,'Poore, Jordan'!$E$4:$E$32,$A13)+SUMIFS('Powers, Dave'!I$4:I$58,'Powers, Dave'!$E$4:$E$58,$A13) -> 0 | F13: =SUMIFS('Barrett, Ken'!J$4:J$31,'Barrett, Ken'!$E$4:$E$31,$A13)+SUMIFS('Brundage, Eric'!J$4:J$39,'Brundage, Eric'!$E$4:$E$39,$A13)+SUMIFS('Dubois, Joe'!J$4:J$70,'Dubois, Joe'!$E$4:$E$70,$A13)+SUMIFS('Gould, Kyle'!J$4:J$53,'Gould, Kyle'!$E$4:$E$53,$A13)+SUMIFS('Jamer, Douglas'!J$4:J$33,'Jamer, Douglas'!$E$4:$E$33,$A13)+SUMIFS('Kennedy, Michael'!J$4:J$87,'Kennedy, Michael'!$E$4:$E$87,$A13)+SUMIFS('Kennedy, Vince'!J$4:J$29,'Kennedy, Vince'!$E$4:$E$29,$A13)+SUMIFS('Morningstar, Jeremy J'!J$4:J$50,'Morningstar, Jeremy J'!$E$4:$E$50,$A13)+SUMIFS('Pendlebury, Jay'!J$4:J$31,'Pendlebury, Jay'!$E$4:$E$31,$A13)+SUMIFS('Poore, Jordan'!J$4:J$32,'Poore, Jordan'!$E$4:$E$32,$A13)+SUMIFS('Powers, Dave'!J$4:J$58,'Powers, Dave'!$E$4:$E$58,$A13) -> 0 | G13: =SUMIFS('Barrett, Ken'!K$4:K$31,'Barrett, Ken'!$E$4:$E$31,$A13)+SUMIFS('Brundage, Eric'!K$4:K$39,'Brundage, Eric'!$E$4:$E$39,$A13)+SUMIFS('Dubois, Joe'!K$4:K$70,'Dubois, Joe'!$E$4:$E$70,$A13)+SUMIFS('Gould, Kyle'!K$4:K$53,'Gould, Kyle'!$E$4:$E$53,$A13)+SUMIFS('Jamer, Douglas'!K$4:K$33,'Jamer, Douglas'!$E$4:$E$33,$A13)+SUMIFS('Kennedy, Michael'!K$4:K$87,'Kennedy, Michael'!$E$4:$E$87,$A13)+SUMIFS('Kennedy, Vince'!K$4:K$29,'Kennedy, Vince'!$E$4:$E$29,$A13)+SUMIFS('Morningstar, Jeremy J'!K$4:K$50,'Morningstar, Jeremy J'!$E$4:$E$50,$A13)+SUMIFS('Pendlebury, Jay'!K$4:K$31,'Pendlebury, Jay'!$E$4:$E$31,$A13)+SUMIFS('Poore, Jordan'!K$4:K$32,'Poore, Jordan'!$E$4:$E$32,$A13)+SUMIFS('Powers, Dave'!K$4:K$58,'Powers, Dave'!$E$4:$E$58,$A13) -> 0 | H13: =SUMIFS('Barrett, Ken'!L$4:L$31,'Barrett, Ken'!$E$4:$E$31,$A13)+SUMIFS('Brundage, Eric'!L$4:L$39,'Brundage, Eric'!$E$4:$E$39,$A13)+SUMIFS('Dubois, Joe'!L$4:L$70,'Dubois, Joe'!$E$4:$E$70,$A13)+SUMIFS('Gould, Kyle'!L$4:L$53,'Gould, Kyle'!$E$4:$E$53,$A13)+SUMIFS('Jamer, Douglas'!L$4:L$33,'Jamer, Douglas'!$E$4:$E$33,$A13)+SUMIFS('Kennedy, Michael'!L$4:L$87,'Kennedy, Michael'!$E$4:$E$87,$A13)+SUMIFS('Kennedy, Vince'!L$4:L$29,'Kennedy, Vince'!$E$4:$E$29,$A13)+SUMIFS('Morningstar, Jeremy J'!L$4:L$50,'Morningstar, Jeremy J'!$E$4:$E$50,$A13)+SUMIFS('Pendlebury, Jay'!L$4:L$31,'Pendlebury, Jay'!$E$4:$E$31,$A13)+SUMIFS('Poore, Jordan'!L$4:L$32,'Poore, Jordan'!$E$4:$E$32,$A13)+SUMIFS('Powers, Dave'!L$4:L$58,'Powers, Dave'!$E$4:$E$58,$A13) -> 0 | I13: =SUMIFS('Barrett, Ken'!M$4:M$31,'Barrett, Ken'!$E$4:$E$31,$A13)+SUMIFS('Brundage, Eric'!M$4:M$39,'Brundage, Eric'!$E$4:$E$39,$A13)+SUMIFS('Dubois, Joe'!M$4:M$70,'Dubois, Joe'!$E$4:$E$70,$A13)+SUMIFS('Gould, Kyle'!M$4:M$53,'Gould, Kyle'!$E$4:$E$53,$A13)+SUMIFS('Jamer, Douglas'!M$4:M$33,'Jamer, Douglas'!$E$4:$E$33,$A13)+SUMIFS('Kennedy, Michael'!M$4:M$87,'Kennedy, Michael'!$E$4:$E$87,$A13)+SUMIFS('Kennedy, Vince'!M$4:M$29,'Kennedy, Vince'!$E$4:$E$29,$A13)+SUMIFS('Morningstar, Jeremy J'!M$4:M$50,'Morningstar, Jeremy J'!$E$4:$E$50,$A13)+SUMIFS('Pendlebury, Jay'!M$4:M$31,'Pendlebury, Jay'!$E$4:$E$31,$A13)+SUMIFS('Poore, Jordan'!M$4:M$32,'Poore, Jordan'!$E$4:$E$32,$A13)+SUMIFS('Powers, Dave'!M$4:M$58,'Powers, Dave'!$E$4:$E$58,$A13) -> 0 | ... S13: =SUMIFS('Barrett, Ken'!W$4:W$31,'Barrett, Ken'!$E$4:$E$31,$A13)+SUMIFS('Brundage, Eric'!W$4:W$39,'Brundage, Eric'!$E$4:$E$39,$A13)+SUMIFS('Dubois, Joe'!W$4:W$70,'Dubois, Joe'!$E$4:$E$70,$A13)+SUMIFS('Gould, Kyle'!W$4:W$53,'Gould, Kyle'!$E$4:$E$53,$A13)+SUMIFS('Jamer, Douglas'!W$4:W$33,'Jamer, Douglas'!$E$4:$E$33,$A13)+SUMIFS('Kennedy, Michael'!W$4:W$87,'Kennedy, Michael'!$E$4:$E$87,$A13)+SUMIFS('Kennedy, Vince'!W$4:W$29,'Kennedy, Vince'!$E$4:$E$29,$A13)+SUMIFS('Morningstar, Jeremy J'!W$4:W$50,'Morningstar, Jeremy J'!$E$4:$E$50,$A13)+SUMIFS('Pendlebury, Jay'!W$4:W$31,'Pendlebury, Jay'!$E$4:$E$31,$A13)+SUMIFS('Poore, Jordan'!W$4:W$32,'Poore, Jordan'!$E$4:$E$32,$A13)+SUMIFS('Powers, Dave'!W$4:W$58,'Powers, Dave'!$E$4:$E$58,$A13) -> 0 | T13: =SUM(B13:S13) -> 0
A14: Crane Operator / Rigger | B14: =SUMIFS('Barrett, Ken'!F$4:F$31,'Barrett, Ken'!$E$4:$E$31,$A14)+SUMIFS('Brundage, Eric'!F$4:F$39,'Brundage, Eric'!$E$4:$E$39,$A14)+SUMIFS('Dubois, Joe'!F$4:F$70,'Dubois, Joe'!$E$4:$E$70,$A14)+SUMIFS('Gould, Kyle'!F$4:F$53,'Gould, Kyle'!$E$4:$E$53,$A14)+SUMIFS('Jamer, Douglas'!F$4:F$33,'Jamer, Douglas'!$E$4:$E$33,$A14)+SUMIFS('Kennedy, Michael'!F$4:F$87,'Kennedy, Michael'!$E$4:$E$87,$A14)+SUMIFS('Kennedy, Vince'!F$4:F$29,'Kennedy, Vince'!$E$4:$E$29,$A14)+SUMIFS('Morningstar, Jeremy J'!F$4:F$50,'Morningstar, Jeremy J'!$E$4:$E$50,$A14)+SUMIFS('Pendlebury, Jay'!F$4:F$31,'Pendlebury, Jay'!$E$4:$E$31,$A14)+SUMIFS('Poore, Jordan'!F$4:F$32,'Poore, Jordan'!$E$4:$E$32,$A14)+SUMIFS('Powers, Dave'!F$4:F$58,'Powers, Dave'!$E$4:$E$58,$A14) -> 0 | C14: =SUMIFS('Barrett, Ken'!G$4:G$31,'Barrett, Ken'!$E$4:$E$31,$A14)+SUMIFS('Brundage, Eric'!G$4:G$39,'Brundage, Eric'!$E$4:$E$39,$A14)+SUMIFS('Dubois, Joe'!G$4:G$70,'Dubois, Joe'!$E$4:$E$70,$A14)+SUMIFS('Gould, Kyle'!G$4:G$53,'Gould, Kyle'!$E$4:$E$53,$A14)+SUMIFS('Jamer, Douglas'!G$4:G$33,'Jamer, Douglas'!$E$4:$E$33,$A14)+SUMIFS('Kennedy, Michael'!G$4:G$87,'Kennedy, Michael'!$E$4:$E$87,$A14)+SUMIFS('Kennedy, Vince'!G$4:G$29,'Kennedy, Vince'!$E$4:$E$29,$A14)+SUMIFS('Morningstar, Jeremy J'!G$4:G$50,'Morningstar, Jeremy J'!$E$4:$E$50,$A14)+SUMIFS('Pendlebury, Jay'!G$4:G$31,'Pendlebury, Jay'!$E$4:$E$31,$A14)+SUMIFS('Poore, Jordan'!G$4:G$32,'Poore, Jordan'!$E$4:$E$32,$A14)+SUMIFS('Powers, Dave'!G$4:G$58,'Powers, Dave'!$E$4:$E$58,$A14) -> 0 | D14: =SUMIFS('Barrett, Ken'!H$4:H$31,'Barrett, Ken'!$E$4:$E$31,$A14)+SUMIFS('Brundage, Eric'!H$4:H$39,'Brundage, Eric'!$E$4:$E$39,$A14)+SUMIFS('Dubois, Joe'!H$4:H$70,'Dubois, Joe'!$E$4:$E$70,$A14)+SUMIFS('Gould, Kyle'!H$4:H$53,'Gould, Kyle'!$E$4:$E$53,$A14)+SUMIFS('Jamer, Douglas'!H$4:H$33,'Jamer, Douglas'!$E$4:$E$33,$A14)+SUMIFS('Kennedy, Michael'!H$4:H$87,'Kennedy, Michael'!$E$4:$E$87,$A14)+SUMIFS('Kennedy, Vince'!H$4:H$29,'Kennedy, Vince'!$E$4:$E$29,$A14)+SUMIFS('Morningstar, Jeremy J'!H$4:H$50,'Morningstar, Jeremy J'!$E$4:$E$50,$A14)+SUMIFS('Pendlebury, Jay'!H$4:H$31,'Pendlebury, Jay'!$E$4:$E$31,$A14)+SUMIFS('Poore, Jordan'!H$4:H$32,'Poore, Jordan'!$E$4:$E$32,$A14)+SUMIFS('Powers, Dave'!H$4:H$58,'Powers, Dave'!$E$4:$E$58,$A14) -> 0 | E14: =SUMIFS('Barrett, Ken'!I$4:I$31,'Barrett, Ken'!$E$4:$E$31,$A14)+SUMIFS('Brundage, Eric'!I$4:I$39,'Brundage, Eric'!$E$4:$E$39,$A14)+SUMIFS('Dubois, Joe'!I$4:I$70,'Dubois, Joe'!$E$4:$E$70,$A14)+SUMIFS('Gould, Kyle'!I$4:I$53,'Gould, Kyle'!$E$4:$E$53,$A14)+SUMIFS('Jamer, Douglas'!I$4:I$33,'Jamer, Douglas'!$E$4:$E$33,$A14)+SUMIFS('Kennedy, Michael'!I$4:I$87,'Kennedy, Michael'!$E$4:$E$87,$A14)+SUMIFS('Kennedy, Vince'!I$4:I$29,'Kennedy, Vince'!$E$4:$E$29,$A14)+SUMIFS('Morningstar, Jeremy J'!I$4:I$50,'Morningstar, Jeremy J'!$E$4:$E$50,$A14)+SUMIFS('Pendlebury, Jay'!I$4:I$31,'Pendlebury, Jay'!$E$4:$E$31,$A14)+SUMIFS('Poore, Jordan'!I$4:I$32,'Poore, Jordan'!$E$4:$E$32,$A14)+SUMIFS('Powers, Dave'!I$4:I$58,'Powers, Dave'!$E$4:$E$58,$A14) -> 0 | F14: =SUMIFS('Barrett, Ken'!J$4:J$31,'Barrett, Ken'!$E$4:$E$31,$A14)+SUMIFS('Brundage, Eric'!J$4:J$39,'Brundage, Eric'!$E$4:$E$39,$A14)+SUMIFS('Dubois, Joe'!J$4:J$70,'Dubois, Joe'!$E$4:$E$70,$A14)+SUMIFS('Gould, Kyle'!J$4:J$53,'Gould, Kyle'!$E$4:$E$53,$A14)+SUMIFS('Jamer, Douglas'!J$4:J$33,'Jamer, Douglas'!$E$4:$E$33,$A14)+SUMIFS('Kennedy, Michael'!J$4:J$87,'Kennedy, Michael'!$E$4:$E$87,$A14)+SUMIFS('Kennedy, Vince'!J$4:J$29,'Kennedy, Vince'!$E$4:$E$29,$A14)+SUMIFS('Morningstar, Jeremy J'!J$4:J$50,'Morningstar, Jeremy J'!$E$4:$E$50,$A14)+SUMIFS('Pendlebury, Jay'!J$4:J$31,'Pendlebury, Jay'!$E$4:$E$31,$A14)+SUMIFS('Poore, Jordan'!J$4:J$32,'Poore, Jordan'!$E$4:$E$32,$A14)+SUMIFS('Powers, Dave'!J$4:J$58,'Powers, Dave'!$E$4:$E$58,$A14) -> 0 | G14: =SUMIFS('Barrett, Ken'!K$4:K$31,'Barrett, Ken'!$E$4:$E$31,$A14)+SUMIFS('Brundage, Eric'!K$4:K$39,'Brundage, Eric'!$E$4:$E$39,$A14)+SUMIFS('Dubois, Joe'!K$4:K$70,'Dubois, Joe'!$E$4:$E$70,$A14)+SUMIFS('Gould, Kyle'!K$4:K$53,'Gould, Kyle'!$E$4:$E$53,$A14)+SUMIFS('Jamer, Douglas'!K$4:K$33,'Jamer, Douglas'!$E$4:$E$33,$A14)+SUMIFS('Kennedy, Michael'!K$4:K$87,'Kennedy, Michael'!$E$4:$E$87,$A14)+SUMIFS('Kennedy, Vince'!K$4:K$29,'Kennedy, Vince'!$E$4:$E$29,$A14)+SUMIFS('Morningstar, Jeremy J'!K$4:K$50,'Morningstar, Jeremy J'!$E$4:$E$50,$A14)+SUMIFS('Pendlebury, Jay'!K$4:K$31,'Pendlebury, Jay'!$E$4:$E$31,$A14)+SUMIFS('Poore, Jordan'!K$4:K$32,'Poore, Jordan'!$E$4:$E$32,$A14)+SUMIFS('Powers, Dave'!K$4:K$58,'Powers, Dave'!$E$4:$E$58,$A14) -> 0 | H14: =SUMIFS('Barrett, Ken'!L$4:L$31,'Barrett, Ken'!$E$4:$E$31,$A14)+SUMIFS('Brundage, Eric'!L$4:L$39,'Brundage, Eric'!$E$4:$E$39,$A14)+SUMIFS('Dubois, Joe'!L$4:L$70,'Dubois, Joe'!$E$4:$E$70,$A14)+SUMIFS('Gould, Kyle'!L$4:L$53,'Gould, Kyle'!$E$4:$E$53,$A14)+SUMIFS('Jamer, Douglas'!L$4:L$33,'Jamer, Douglas'!$E$4:$E$33,$A14)+SUMIFS('Kennedy, Michael'!L$4:L$87,'Kennedy, Michael'!$E$4:$E$87,$A14)+SUMIFS('Kennedy, Vince'!L$4:L$29,'Kennedy, Vince'!$E$4:$E$29,$A14)+SUMIFS('Morningstar, Jeremy J'!L$4:L$50,'Morningstar, Jeremy J'!$E$4:$E$50,$A14)+SUMIFS('Pendlebury, Jay'!L$4:L$31,'Pendlebury, Jay'!$E$4:$E$31,$A14)+SUMIFS('Poore, Jordan'!L$4:L$32,'Poore, Jordan'!$E$4:$E$32,$A14)+SUMIFS('Powers, Dave'!L$4:L$58,'Powers, Dave'!$E$4:$E$58,$A14) -> 0 | I14: =SUMIFS('Barrett, Ken'!M$4:M$31,'Barrett, Ken'!$E$4:$E$31,$A14)+SUMIFS('Brundage, Eric'!M$4:M$39,'Brundage, Eric'!$E$4:$E$39,$A14)+SUMIFS('Dubois, Joe'!M$4:M$70,'Dubois, Joe'!$E$4:$E$70,$A14)+SUMIFS('Gould, Kyle'!M$4:M$53,'Gould, Kyle'!$E$4:$E$53,$A14)+SUMIFS('Jamer, Douglas'!M$4:M$33,'Jamer, Douglas'!$E$4:$E$33,$A14)+SUMIFS('Kennedy, Michael'!M$4:M$87,'Kennedy, Michael'!$E$4:$E$87,$A14)+SUMIFS('Kennedy, Vince'!M$4:M$29,'Kennedy, Vince'!$E$4:$E$29,$A14)+SUMIFS('Morningstar, Jeremy J'!M$4:M$50,'Morningstar, Jeremy J'!$E$4:$E$50,$A14)+SUMIFS('Pendlebury, Jay'!M$4:M$31,'Pendlebury, Jay'!$E$4:$E$31,$A14)+SUMIFS('Poore, Jordan'!M$4:M$32,'Poore, Jordan'!$E$4:$E$32,$A14)+SUMIFS('Powers, Dave'!M$4:M$58,'Powers, Dave'!$E$4:$E$58,$A14) -> 0 | ... S14: =SUMIFS('Barrett, Ken'!W$4:W$31,'Barrett, Ken'!$E$4:$E$31,$A14)+SUMIFS('Brundage, Eric'!W$4:W$39,'Brundage, Eric'!$E$4:$E$39,$A14)+SUMIFS('Dubois, Joe'!W$4:W$70,'Dubois, Joe'!$E$4:$E$70,$A14)+SUMIFS('Gould, Kyle'!W$4:W$53,'Gould, Kyle'!$E$4:$E$53,$A14)+SUMIFS('Jamer, Douglas'!W$4:W$33,'Jamer, Douglas'!$E$4:$E$33,$A14)+SUMIFS('Kennedy, Michael'!W$4:W$87,'Kennedy, Michael'!$E$4:$E$87,$A14)+SUMIFS('Kennedy, Vince'!W$4:W$29,'Kennedy, Vince'!$E$4:$E$29,$A14)+SUMIFS('Morningstar, Jeremy J'!W$4:W$50,'Morningstar, Jeremy J'!$E$4:$E$50,$A14)+SUMIFS('Pendlebury, Jay'!W$4:W$31,'Pendlebury, Jay'!$E$4:$E$31,$A14)+SUMIFS('Poore, Jordan'!W$4:W$32,'Poore, Jordan'!$E$4:$E$32,$A14)+SUMIFS('Powers, Dave'!W$4:W$58,'Powers, Dave'!$E$4:$E$58,$A14) -> 0 | T14: =SUM(B14:S14) -> 0
A15: QA / QC | B15: =SUMIFS('Barrett, Ken'!F$4:F$31,'Barrett, Ken'!$E$4:$E$31,$A15)+SUMIFS('Brundage, Eric'!F$4:F$39,'Brundage, Eric'!$E$4:$E$39,$A15)+SUMIFS('Dubois, Joe'!F$4:F$70,'Dubois, Joe'!$E$4:$E$70,$A15)+SUMIFS('Gould, Kyle'!F$4:F$53,'Gould, Kyle'!$E$4:$E$53,$A15)+SUMIFS('Jamer, Douglas'!F$4:F$33,'Jamer, Douglas'!$E$4:$E$33,$A15)+SUMIFS('Kennedy, Michael'!F$4:F$87,'Kennedy, Michael'!$E$4:$E$87,$A15)+SUMIFS('Kennedy, Vince'!F$4:F$29,'Kennedy, Vince'!$E$4:$E$29,$A15)+SUMIFS('Morningstar, Jeremy J'!F$4:F$50,'Morningstar, Jeremy J'!$E$4:$E$50,$A15)+SUMIFS('Pendlebury, Jay'!F$4:F$31,'Pendlebury, Jay'!$E$4:$E$31,$A15)+SUMIFS('Poore, Jordan'!F$4:F$32,'Poore, Jordan'!$E$4:$E$32,$A15)+SUMIFS('Powers, Dave'!F$4:F$58,'Powers, Dave'!$E$4:$E$58,$A15) -> 0 | C15: =SUMIFS('Barrett, Ken'!G$4:G$31,'Barrett, Ken'!$E$4:$E$31,$A15)+SUMIFS('Brundage, Eric'!G$4:G$39,'Brundage, Eric'!$E$4:$E$39,$A15)+SUMIFS('Dubois, Joe'!G$4:G$70,'Dubois, Joe'!$E$4:$E$70,$A15)+SUMIFS('Gould, Kyle'!G$4:G$53,'Gould, Kyle'!$E$4:$E$53,$A15)+SUMIFS('Jamer, Douglas'!G$4:G$33,'Jamer, Douglas'!$E$4:$E$33,$A15)+SUMIFS('Kennedy, Michael'!G$4:G$87,'Kennedy, Michael'!$E$4:$E$87,$A15)+SUMIFS('Kennedy, Vince'!G$4:G$29,'Kennedy, Vince'!$E$4:$E$29,$A15)+SUMIFS('Morningstar, Jeremy J'!G$4:G$50,'Morningstar, Jeremy J'!$E$4:$E$50,$A15)+SUMIFS('Pendlebury, Jay'!G$4:G$31,'Pendlebury, Jay'!$E$4:$E$31,$A15)+SUMIFS('Poore, Jordan'!G$4:G$32,'Poore, Jordan'!$E$4:$E$32,$A15)+SUMIFS('Powers, Dave'!G$4:G$58,'Powers, Dave'!$E$4:$E$58,$A15) -> 0 | D15: =SUMIFS('Barrett, Ken'!H$4:H$31,'Barrett, Ken'!$E$4:$E$31,$A15)+SUMIFS('Brundage, Eric'!H$4:H$39,'Brundage, Eric'!$E$4:$E$39,$A15)+SUMIFS('Dubois, Joe'!H$4:H$70,'Dubois, Joe'!$E$4:$E$70,$A15)+SUMIFS('Gould, Kyle'!H$4:H$53,'Gould, Kyle'!$E$4:$E$53,$A15)+SUMIFS('Jamer, Douglas'!H$4:H$33,'Jamer, Douglas'!$E$4:$E$33,$A15)+SUMIFS('Kennedy, Michael'!H$4:H$87,'Kennedy, Michael'!$E$4:$E$87,$A15)+SUMIFS('Kennedy, Vince'!H$4:H$29,'Kennedy, Vince'!$E$4:$E$29,$A15)+SUMIFS('Morningstar, Jeremy J'!H$4:H$50,'Morningstar, Jeremy J'!$E$4:$E$50,$A15)+SUMIFS('Pendlebury, Jay'!H$4:H$31,'Pendlebury, Jay'!$E$4:$E$31,$A15)+SUMIFS('Poore, Jordan'!H$4:H$32,'Poore, Jordan'!$E$4:$E$32,$A15)+SUMIFS('Powers, Dave'!H$4:H$58,'Powers, Dave'!$E$4:$E$58,$A15) -> 0 | E15: =SUMIFS('Barrett, Ken'!I$4:I$31,'Barrett, Ken'!$E$4:$E$31,$A15)+SUMIFS('Brundage, Eric'!I$4:I$39,'Brundage, Eric'!$E$4:$E$39,$A15)+SUMIFS('Dubois, Joe'!I$4:I$70,'Dubois, Joe'!$E$4:$E$70,$A15)+SUMIFS('Gould, Kyle'!I$4:I$53,'Gould, Kyle'!$E$4:$E$53,$A15)+SUMIFS('Jamer, Douglas'!I$4:I$33,'Jamer, Douglas'!$E$4:$E$33,$A15)+SUMIFS('Kennedy, Michael'!I$4:I$87,'Kennedy, Michael'!$E$4:$E$87,$A15)+SUMIFS('Kennedy, Vince'!I$4:I$29,'Kennedy, Vince'!$E$4:$E$29,$A15)+SUMIFS('Morningstar, Jeremy J'!I$4:I$50,'Morningstar, Jeremy J'!$E$4:$E$50,$A15)+SUMIFS('Pendlebury, Jay'!I$4:I$31,'Pendlebury, Jay'!$E$4:$E$31,$A15)+SUMIFS('Poore, Jordan'!I$4:I$32,'Poore, Jordan'!$E$4:$E$32,$A15)+SUMIFS('Powers, Dave'!I$4:I$58,'Powers, Dave'!$E$4:$E$58,$A15) -> 0 | F15: =SUMIFS('Barrett, Ken'!J$4:J$31,'Barrett, Ken'!$E$4:$E$31,$A15)+SUMIFS('Brundage, Eric'!J$4:J$39,'Brundage, Eric'!$E$4:$E$39,$A15)+SUMIFS('Dubois, Joe'!J$4:J$70,'Dubois, Joe'!$E$4:$E$70,$A15)+SUMIFS('Gould, Kyle'!J$4:J$53,'Gould, Kyle'!$E$4:$E$53,$A15)+SUMIFS('Jamer, Douglas'!J$4:J$33,'Jamer, Douglas'!$E$4:$E$33,$A15)+SUMIFS('Kennedy, Michael'!J$4:J$87,'Kennedy, Michael'!$E$4:$E$87,$A15)+SUMIFS('Kennedy, Vince'!J$4:J$29,'Kennedy, Vince'!$E$4:$E$29,$A15)+SUMIFS('Morningstar, Jeremy J'!J$4:J$50,'Morningstar, Jeremy J'!$E$4:$E$50,$A15)+SUMIFS('Pendlebury, Jay'!J$4:J$31,'Pendlebury, Jay'!$E$4:$E$31,$A15)+SUMIFS('Poore, Jordan'!J$4:J$32,'Poore, Jordan'!$E$4:$E$32,$A15)+SUMIFS('Powers, Dave'!J$4:J$58,'Powers, Dave'!$E$4:$E$58,$A15) -> 0 | G15: =SUMIFS('Barrett, Ken'!K$4:K$31,'Barrett, Ken'!$E$4:$E$31,$A15)+SUMIFS('Brundage, Eric'!K$4:K$39,'Brundage, Eric'!$E$4:$E$39,$A15)+SUMIFS('Dubois, Joe'!K$4:K$70,'Dubois, Joe'!$E$4:$E$70,$A15)+SUMIFS('Gould, Kyle'!K$4:K$53,'Gould, Kyle'!$E$4:$E$53,$A15)+SUMIFS('Jamer, Douglas'!K$4:K$33,'Jamer, Douglas'!$E$4:$E$33,$A15)+SUMIFS('Kennedy, Michael'!K$4:K$87,'Kennedy, Michael'!$E$4:$E$87,$A15)+SUMIFS('Kennedy, Vince'!K$4:K$29,'Kennedy, Vince'!$E$4:$E$29,$A15)+SUMIFS('Morningstar, Jeremy J'!K$4:K$50,'Morningstar, Jeremy J'!$E$4:$E$50,$A15)+SUMIFS('Pendlebury, Jay'!K$4:K$31,'Pendlebury, Jay'!$E$4:$E$31,$A15)+SUMIFS('Poore, Jordan'!K$4:K$32,'Poore, Jordan'!$E$4:$E$32,$A15)+SUMIFS('Powers, Dave'!K$4:K$58,'Powers, Dave'!$E$4:$E$58,$A15) -> 0 | H15: =SUMIFS('Barrett, Ken'!L$4:L$31,'Barrett, Ken'!$E$4:$E$31,$A15)+SUMIFS('Brundage, Eric'!L$4:L$39,'Brundage, Eric'!$E$4:$E$39,$A15)+SUMIFS('Dubois, Joe'!L$4:L$70,'Dubois, Joe'!$E$4:$E$70,$A15)+SUMIFS('Gould, Kyle'!L$4:L$53,'Gould, Kyle'!$E$4:$E$53,$A15)+SUMIFS('Jamer, Douglas'!L$4:L$33,'Jamer, Douglas'!$E$4:$E$33,$A15)+SUMIFS('Kennedy, Michael'!L$4:L$87,'Kennedy, Michael'!$E$4:$E$87,$A15)+SUMIFS('Kennedy, Vince'!L$4:L$29,'Kennedy, Vince'!$E$4:$E$29,$A15)+SUMIFS('Morningstar, Jeremy J'!L$4:L$50,'Morningstar, Jeremy J'!$E$4:$E$50,$A15)+SUMIFS('Pendlebury, Jay'!L$4:L$31,'Pendlebury, Jay'!$E$4:$E$31,$A15)+SUMIFS('Poore, Jordan'!L$4:L$32,'Poore, Jordan'!$E$4:$E$32,$A15)+SUMIFS('Powers, Dave'!L$4:L$58,'Powers, Dave'!$E$4:$E$58,$A15) -> 0 | I15: =SUMIFS('Barrett, Ken'!M$4:M$31,'Barrett, Ken'!$E$4:$E$31,$A15)+SUMIFS('Brundage, Eric'!M$4:M$39,'Brundage, Eric'!$E$4:$E$39,$A15)+SUMIFS('Dubois, Joe'!M$4:M$70,'Dubois, Joe'!$E$4:$E$70,$A15)+SUMIFS('Gould, Kyle'!M$4:M$53,'Gould, Kyle'!$E$4:$E$53,$A15)+SUMIFS('Jamer, Douglas'!M$4:M$33,'Jamer, Douglas'!$E$4:$E$33,$A15)+SUMIFS('Kennedy, Michael'!M$4:M$87,'Kennedy, Michael'!$E$4:$E$87,$A15)+SUMIFS('Kennedy, Vince'!M$4:M$29,'Kennedy, Vince'!$E$4:$E$29,$A15)+SUMIFS('Morningstar, Jeremy J'!M$4:M$50,'Morningstar, Jeremy J'!$E$4:$E$50,$A15)+SUMIFS('Pendlebury, Jay'!M$4:M$31,'Pendlebury, Jay'!$E$4:$E$31,$A15)+SUMIFS('Poore, Jordan'!M$4:M$32,'Poore, Jordan'!$E$4:$E$32,$A15)+SUMIFS('Powers, Dave'!M$4:M$58,'Powers, Dave'!$E$4:$E$58,$A15) -> 0 | ... S15: =SUMIFS('Barrett, Ken'!W$4:W$31,'Barrett, Ken'!$E$4:$E$31,$A15)+SUMIFS('Brundage, Eric'!W$4:W$39,'Brundage, Eric'!$E$4:$E$39,$A15)+SUMIFS('Dubois, Joe'!W$4:W$70,'Dubois, Joe'!$E$4:$E$70,$A15)+SUMIFS('Gould, Kyle'!W$4:W$53,'Gould, Kyle'!$E$4:$E$53,$A15)+SUMIFS('Jamer, Douglas'!W$4:W$33,'Jamer, Douglas'!$E$4:$E$33,$A15)+SUMIFS('Kennedy, Michael'!W$4:W$87,'Kennedy, Michael'!$E$4:$E$87,$A15)+SUMIFS('Kennedy, Vince'!W$4:W$29,'Kennedy, Vince'!$E$4:$E$29,$A15)+SUMIFS('Morningstar, Jeremy J'!W$4:W$50,'Morningstar, Jeremy J'!$E$4:$E$50,$A15)+SUMIFS('Pendlebury, Jay'!W$4:W$31,'Pendlebury, Jay'!$E$4:$E$31,$A15)+SUMIFS('Poore, Jordan'!W$4:W$32,'Poore, Jordan'!$E$4:$E$32,$A15)+SUMIFS('Powers, Dave'!W$4:W$58,'Powers, Dave'!$E$4:$E$58,$A15) -> 0 | T15: =SUM(B15:S15) -> 0
... A20: Safety | B20: =SUMIFS('Barrett, Ken'!F$4:F$31,'Barrett, Ken'!$E$4:$E$31,$A20)+SUMIFS('Brundage, Eric'!F$4:F$39,'Brundage, Eric'!$E$4:$E$39,$A20)+SUMIFS('Dubois, Joe'!F$4:F$70,'Dubois, Joe'!$E$4:$E$70,$A20)+SUMIFS('Gould, Kyle'!F$4:F$53,'Gould, Kyle'!$E$4:$E$53,$A20)+SUMIFS('Jamer, Douglas'!F$4:F$33,'Jamer, Douglas'!$E$4:$E$33,$A20)+SUMIFS('Kennedy, Michael'!F$4:F$87,'Kennedy, Michael'!$E$4:$E$87,$A20)+SUMIFS('Kennedy, Vince'!F$4:F$29,'Kennedy, Vince'!$E$4:$E$29,$A20)+SUMIFS('Morningstar, Jeremy J'!F$4:F$50,'Morningstar, Jeremy J'!$E$4:$E$50,$A20)+SUMIFS('Pendlebury, Jay'!F$4:F$31,'Pendlebury, Jay'!$E$4:$E$31,$A20)+SUMIFS('Poore, Jordan'!F$4:F$32,'Poore, Jordan'!$E$4:$E$32,$A20)+SUMIFS('Powers, Dave'!F$4:F$58,'Powers, Dave'!$E$4:$E$58,$A20) -> 0 | C20: =SUMIFS('Barrett, Ken'!G$4:G$31,'Barrett, Ken'!$E$4:$E$31,$A20)+SUMIFS('Brundage, Eric'!G$4:G$39,'Brundage, Eric'!$E$4:$E$39,$A20)+SUMIFS('Dubois, Joe'!G$4:G$70,'Dubois, Joe'!$E$4:$E$70,$A20)+SUMIFS('Gould, Kyle'!G$4:G$53,'Gould, Kyle'!$E$4:$E$53,$A20)+SUMIFS('Jamer, Douglas'!G$4:G$33,'Jamer, Douglas'!$E$4:$E$33,$A20)+SUMIFS('Kennedy, Michael'!G$4:G$87,'Kennedy, Michael'!$E$4:$E$87,$A20)+SUMIFS('Kennedy, Vince'!G$4:G$29,'Kennedy, Vince'!$E$4:$E$29,$A20)+SUMIFS('Morningstar, Jeremy J'!G$4:G$50,'Morningstar, Jeremy J'!$E$4:$E$50,$A20)+SUMIFS('Pendlebury, Jay'!G$4:G$31,'Pendlebury, Jay'!$E$4:$E$31,$A20)+SUMIFS('Poore, Jordan'!G$4:G$32,'Poore, Jordan'!$E$4:$E$32,$A20)+SUMIFS('Powers, Dave'!G$4:G$58,'Powers, Dave'!$E$4:$E$58,$A20) -> 0 | D20: =SUMIFS('Barrett, Ken'!H$4:H$31,'Barrett, Ken'!$E$4:$E$31,$A20)+SUMIFS('Brundage, Eric'!H$4:H$39,'Brundage, Eric'!$E$4:$E$39,$A20)+SUMIFS('Dubois, Joe'!H$4:H$70,'Dubois, Joe'!$E$4:$E$70,$A20)+SUMIFS('Gould, Kyle'!H$4:H$53,'Gould, Kyle'!$E$4:$E$53,$A20)+SUMIFS('Jamer, Douglas'!H$4:H$33,'Jamer, Douglas'!$E$4:$E$33,$A20)+SUMIFS('Kennedy, Michael'!H$4:H$87,'Kennedy, Michael'!$E$4:$E$87,$A20)+SUMIFS('Kennedy, Vince'!H$4:H$29,'Kennedy, Vince'!$E$4:$E$29,$A20)+SUMIFS('Morningstar, Jeremy J'!H$4:H$50,'Morningstar, Jeremy J'!$E$4:$E$50,$A20)+SUMIFS('Pendlebury, Jay'!H$4:H$31,'Pendlebury, Jay'!$E$4:$E$31,$A20)+SUMIFS('Poore, Jordan'!H$4:H$32,'Poore, Jordan'!$E$4:$E$32,$A20)+SUMIFS('Powers, Dave'!H$4:H$58,'Powers, Dave'!$E$4:$E$58,$A20) -> 0 | E20: =SUMIFS('Barrett, Ken'!I$4:I$31,'Barrett, Ken'!$E$4:$E$31,$A20)+SUMIFS('Brundage, Eric'!I$4:I$39,'Brundage, Eric'!$E$4:$E$39,$A20)+SUMIFS('Dubois, Joe'!I$4:I$70,'Dubois, Joe'!$E$4:$E$70,$A20)+SUMIFS('Gould, Kyle'!I$4:I$53,'Gould, Kyle'!$E$4:$E$53,$A20)+SUMIFS('Jamer, Douglas'!I$4:I$33,'Jamer, Douglas'!$E$4:$E$33,$A20)+SUMIFS('Kennedy, Michael'!I$4:I$87,'Kennedy, Michael'!$E$4:$E$87,$A20)+SUMIFS('Kennedy, Vince'!I$4:I$29,'Kennedy, Vince'!$E$4:$E$29,$A20)+SUMIFS('Morningstar, Jeremy J'!I$4:I$50,'Morningstar, Jeremy J'!$E$4:$E$50,$A20)+SUMIFS('Pendlebury, Jay'!I$4:I$31,'Pendlebury, Jay'!$E$4:$E$31,$A20)+SUMIFS('Poore, Jordan'!I$4:I$32,'Poore, Jordan'!$E$4:$E$32,$A20)+SUMIFS('Powers, Dave'!I$4:I$58,'Powers, Dave'!$E$4:$E$58,$A20) -> 0 | F20: =SUMIFS('Barrett, Ken'!J$4:J$31,'Barrett, Ken'!$E$4:$E$31,$A20)+SUMIFS('Brundage, Eric'!J$4:J$39,'Brundage, Eric'!$E$4:$E$39,$A20)+SUMIFS('Dubois, Joe'!J$4:J$70,'Dubois, Joe'!$E$4:$E$70,$A20)+SUMIFS('Gould, Kyle'!J$4:J$53,'Gould, Kyle'!$E$4:$E$53,$A20)+SUMIFS('Jamer, Douglas'!J$4:J$33,'Jamer, Douglas'!$E$4:$E$33,$A20)+SUMIFS('Kennedy, Michael'!J$4:J$87,'Kennedy, Michael'!$E$4:$E$87,$A20)+SUMIFS('Kennedy, Vince'!J$4:J$29,'Kennedy, Vince'!$E$4:$E$29,$A20)+SUMIFS('Morningstar, Jeremy J'!J$4:J$50,'Morningstar, Jeremy J'!$E$4:$E$50,$A20)+SUMIFS('Pendlebury, Jay'!J$4:J$31,'Pendlebury, Jay'!$E$4:$E$31,$A20)+SUMIFS('Poore, Jordan'!J$4:J$32,'Poore, Jordan'!$E$4:$E$32,$A20)+SUMIFS('Powers, Dave'!J$4:J$58,'Powers, Dave'!$E$4:$E$58,$A20) -> 0 | G20: =SUMIFS('Barrett, Ken'!K$4:K$31,'Barrett, Ken'!$E$4:$E$31,$A20)+SUMIFS('Brundage, Eric'!K$4:K$39,'Brundage, Eric'!$E$4:$E$39,$A20)+SUMIFS('Dubois, Joe'!K$4:K$70,'Dubois, Joe'!$E$4:$E$70,$A20)+SUMIFS('Gould, Kyle'!K$4:K$53,'Gould, Kyle'!$E$4:$E$53,$A20)+SUMIFS('Jamer, Douglas'!K$4:K$33,'Jamer, Douglas'!$E$4:$E$33,$A20)+SUMIFS('Kennedy, Michael'!K$4:K$87,'Kennedy, Michael'!$E$4:$E$87,$A20)+SUMIFS('Kennedy, Vince'!K$4:K$29,'Kennedy, Vince'!$E$4:$E$29,$A20)+SUMIFS('Morningstar, Jeremy J'!K$4:K$50,'Morningstar, Jeremy J'!$E$4:$E$50,$A20)+SUMIFS('Pendlebury, Jay'!K$4:K$31,'Pendlebury, Jay'!$E$4:$E$31,$A20)+SUMIFS('Poore, Jordan'!K$4:K$32,'Poore, Jordan'!$E$4:$E$32,$A20)+SUMIFS('Powers, Dave'!K$4:K$58,'Powers, Dave'!$E$4:$E$58,$A20) -> 0 | H20: =SUMIFS('Barrett, Ken'!L$4:L$31,'Barrett, Ken'!$E$4:$E$31,$A20)+SUMIFS('Brundage, Eric'!L$4:L$39,'Brundage, Eric'!$E$4:$E$39,$A20)+SUMIFS('Dubois, Joe'!L$4:L$70,'Dubois, Joe'!$E$4:$E$70,$A20)+SUMIFS('Gould, Kyle'!L$4:L$53,'Gould, Kyle'!$E$4:$E$53,$A20)+SUMIFS('Jamer, Douglas'!L$4:L$33,'Jamer, Douglas'!$E$4:$E$33,$A20)+SUMIFS('Kennedy, Michael'!L$4:L$87,'Kennedy, Michael'!$E$4:$E$87,$A20)+SUMIFS('Kennedy, Vince'!L$4:L$29,'Kennedy, Vince'!$E$4:$E$29,$A20)+SUMIFS('Morningstar, Jeremy J'!L$4:L$50,'Morningstar, Jeremy J'!$E$4:$E$50,$A20)+SUMIFS('Pendlebury, Jay'!L$4:L$31,'Pendlebury, Jay'!$E$4:$E$31,$A20)+SUMIFS('Poore, Jordan'!L$4:L$32,'Poore, Jordan'!$E$4:$E$32,$A20)+SUMIFS('Powers, Dave'!L$4:L$58,'Powers, Dave'!$E$4:$E$58,$A20) -> 0 | I20: =SUMIFS('Barrett, Ken'!M$4:M$31,'Barrett, Ken'!$E$4:$E$31,$A20)+SUMIFS('Brundage, Eric'!M$4:M$39,'Brundage, Eric'!$E$4:$E$39,$A20)+SUMIFS('Dubois, Joe'!M$4:M$70,'Dubois, Joe'!$E$4:$E$70,$A20)+SUMIFS('Gould, Kyle'!M$4:M$53,'Gould, Kyle'!$E$4:$E$53,$A20)+SUMIFS('Jamer, Douglas'!M$4:M$33,'Jamer, Douglas'!$E$4:$E$33,$A20)+SUMIFS('Kennedy, Michael'!M$4:M$87,'Kennedy, Michael'!$E$4:$E$87,$A20)+SUMIFS('Kennedy, Vince'!M$4:M$29,'Kennedy, Vince'!$E$4:$E$29,$A20)+SUMIFS('Morningstar, Jeremy J'!M$4:M$50,'Morningstar, Jeremy J'!$E$4:$E$50,$A20)+SUMIFS('Pendlebury, Jay'!M$4:M$31,'Pendlebury, Jay'!$E$4:$E$31,$A20)+SUMIFS('Poore, Jordan'!M$4:M$32,'Poore, Jordan'!$E$4:$E$32,$A20)+SUMIFS('Powers, Dave'!M$4:M$58,'Powers, Dave'!$E$4:$E$58,$A20) -> 0 | ... S20: =SUMIFS('Barrett, Ken'!W$4:W$31,'Barrett, Ken'!$E$4:$E$31,$A20)+SUMIFS('Brundage, Eric'!W$4:W$39,'Brundage, Eric'!$E$4:$E$39,$A20)+SUMIFS('Dubois, Joe'!W$4:W$70,'Dubois, Joe'!$E$4:$E$70,$A20)+SUMIFS('Gould, Kyle'!W$4:W$53,'Gould, Kyle'!$E$4:$E$53,$A20)+SUMIFS('Jamer, Douglas'!W$4:W$33,'Jamer, Douglas'!$E$4:$E$33,$A20)+SUMIFS('Kennedy, Michael'!W$4:W$87,'Kennedy, Michael'!$E$4:$E$87,$A20)+SUMIFS('Kennedy, Vince'!W$4:W$29,'Kennedy, Vince'!$E$4:$E$29,$A20)+SUMIFS('Morningstar, Jeremy J'!W$4:W$50,'Morningstar, Jeremy J'!$E$4:$E$50,$A20)+SUMIFS('Pendlebury, Jay'!W$4:W$31,'Pendlebury, Jay'!$E$4:$E$31,$A20)+SUMIFS('Poore, Jordan'!W$4:W$32,'Poore, Jordan'!$E$4:$E$32,$A20)+SUMIFS('Powers, Dave'!W$4:W$58,'Powers, Dave'!$E$4:$E$58,$A20) -> 0 | T20: =SUM(B20:S20) -> 0
A21: TOTAL FTE | B21: =SUM(B4:B20) -> 0 | C21: =SUM(C4:C20) -> 0 | D21: =SUM(D4:D20) -> 0 | E21: =SUM(E4:E20) -> 0 | F21: =SUM(F4:F20) -> 0 | G21: =SUM(G4:G20) -> 0 | H21: =SUM(H4:H20) -> 0 | I21: =SUM(I4:I20) -> 0 | ... S21: =SUM(S4:S20) -> 0 | T21: =SUM(B21:S21) -> 0

Sheet Summary - Client
A1: RESOURCE SUMMARY — FTE by Client and Week Ending
A2: Formula driven. Pulls from every PM tab — nothing to fill in here.
A3: Client | B3: 46270 | C3: 46277 | D3: 46284 | E3: 46291 | F3: 46298 | G3: 46305 | H3: 46312 | I3: 46319 | J3: 46326 | K3: 46333 | L3: 46340 | M3: 46347 | N3: 46354 | O3: 46361 | P3: 46368 | Q3: 46375 | R3: 46382 | S3: 46389 | T3: Total
A4: Aecon Industrial | B4: =SUMIFS('Barrett, Ken'!F$4:F$31,'Barrett, Ken'!$C$4:$C$31,$A4)+SUMIFS('Brundage, Eric'!F$4:F$39,'Brundage, Eric'!$C$4:$C$39,$A4)+SUMIFS('Dubois, Joe'!F$4:F$70,'Dubois, Joe'!$C$4:$C$70,$A4)+SUMIFS('Gould, Kyle'!F$4:F$53,'Gould, Kyle'!$C$4:$C$53,$A4)+SUMIFS('Jamer, Douglas'!F$4:F$33,'Jamer, Douglas'!$C$4:$C$33,$A4)+SUMIFS('Kennedy, Michael'!F$4:F$87,'Kennedy, Michael'!$C$4:$C$87,$A4)+SUMIFS('Kennedy, Vince'!F$4:F$29,'Kennedy, Vince'!$C$4:$C$29,$A4)+SUMIFS('Morningstar, Jeremy J'!F$4:F$50,'Morningstar, Jeremy J'!$C$4:$C$50,$A4)+SUMIFS('Pendlebury, Jay'!F$4:F$31,'Pendlebury, Jay'!$C$4:$C$31,$A4)+SUMIFS('Poore, Jordan'!F$4:F$32,'Poore, Jordan'!$C$4:$C$32,$A4)+SUMIFS('Powers, Dave'!F$4:F$58,'Powers, Dave'!$C$4:$C$58,$A4) -> 0 | C4: =SUMIFS('Barrett, Ken'!G$4:G$31,'Barrett, Ken'!$C$4:$C$31,$A4)+SUMIFS('Brundage, Eric'!G$4:G$39,'Brundage, Eric'!$C$4:$C$39,$A4)+SUMIFS('Dubois, Joe'!G$4:G$70,'Dubois, Joe'!$C$4:$C$70,$A4)+SUMIFS('Gould, Kyle'!G$4:G$53,'Gould, Kyle'!$C$4:$C$53,$A4)+SUMIFS('Jamer, Douglas'!G$4:G$33,'Jamer, Douglas'!$C$4:$C$33,$A4)+SUMIFS('Kennedy, Michael'!G$4:G$87,'Kennedy, Michael'!$C$4:$C$87,$A4)+SUMIFS('Kennedy, Vince'!G$4:G$29,'Kennedy, Vince'!$C$4:$C$29,$A4)+SUMIFS('Morningstar, Jeremy J'!G$4:G$50,'Morningstar, Jeremy J'!$C$4:$C$50,$A4)+SUMIFS('Pendlebury, Jay'!G$4:G$31,'Pendlebury, Jay'!$C$4:$C$31,$A4)+SUMIFS('Poore, Jordan'!G$4:G$32,'Poore, Jordan'!$C$4:$C$32,$A4)+SUMIFS('Powers, Dave'!G$4:G$58,'Powers, Dave'!$C$4:$C$58,$A4) -> 0 | D4: =SUMIFS('Barrett, Ken'!H$4:H$31,'Barrett, Ken'!$C$4:$C$31,$A4)+SUMIFS('Brundage, Eric'!H$4:H$39,'Brundage, Eric'!$C$4:$C$39,$A4)+SUMIFS('Dubois, Joe'!H$4:H$70,'Dubois, Joe'!$C$4:$C$70,$A4)+SUMIFS('Gould, Kyle'!H$4:H$53,'Gould, Kyle'!$C$4:$C$53,$A4)+SUMIFS('Jamer, Douglas'!H$4:H$33,'Jamer, Douglas'!$C$4:$C$33,$A4)+SUMIFS('Kennedy, Michael'!H$4:H$87,'Kennedy, Michael'!$C$4:$C$87,$A4)+SUMIFS('Kennedy, Vince'!H$4:H$29,'Kennedy, Vince'!$C$4:$C$29,$A4)+SUMIFS('Morningstar, Jeremy J'!H$4:H$50,'Morningstar, Jeremy J'!$C$4:$C$50,$A4)+SUMIFS('Pendlebury, Jay'!H$4:H$31,'Pendlebury, Jay'!$C$4:$C$31,$A4)+SUMIFS('Poore, Jordan'!H$4:H$32,'Poore, Jordan'!$C$4:$C$32,$A4)+SUMIFS('Powers, Dave'!H$4:H$58,'Powers, Dave'!$C$4:$C$58,$A4) -> 0 | E4: =SUMIFS('Barrett, Ken'!I$4:I$31,'Barrett, Ken'!$C$4:$C$31,$A4)+SUMIFS('Brundage, Eric'!I$4:I$39,'Brundage, Eric'!$C$4:$C$39,$A4)+SUMIFS('Dubois, Joe'!I$4:I$70,'Dubois, Joe'!$C$4:$C$70,$A4)+SUMIFS('Gould, Kyle'!I$4:I$53,'Gould, Kyle'!$C$4:$C$53,$A4)+SUMIFS('Jamer, Douglas'!I$4:I$33,'Jamer, Douglas'!$C$4:$C$33,$A4)+SUMIFS('Kennedy, Michael'!I$4:I$87,'Kennedy, Michael'!$C$4:$C$87,$A4)+SUMIFS('Kennedy, Vince'!I$4:I$29,'Kennedy, Vince'!$C$4:$C$29,$A4)+SUMIFS('Morningstar, Jeremy J'!I$4:I$50,'Morningstar, Jeremy J'!$C$4:$C$50,$A4)+SUMIFS('Pendlebury, Jay'!I$4:I$31,'Pendlebury, Jay'!$C$4:$C$31,$A4)+SUMIFS('Poore, Jordan'!I$4:I$32,'Poore, Jordan'!$C$4:$C$32,$A4)+SUMIFS('Powers, Dave'!I$4:I$58,'Powers, Dave'!$C$4:$C$58,$A4) -> 0 | F4: =SUMIFS('Barrett, Ken'!J$4:J$31,'Barrett, Ken'!$C$4:$C$31,$A4)+SUMIFS('Brundage, Eric'!J$4:J$39,'Brundage, Eric'!$C$4:$C$39,$A4)+SUMIFS('Dubois, Joe'!J$4:J$70,'Dubois, Joe'!$C$4:$C$70,$A4)+SUMIFS('Gould, Kyle'!J$4:J$53,'Gould, Kyle'!$C$4:$C$53,$A4)+SUMIFS('Jamer, Douglas'!J$4:J$33,'Jamer, Douglas'!$C$4:$C$33,$A4)+SUMIFS('Kennedy, Michael'!J$4:J$87,'Kennedy, Michael'!$C$4:$C$87,$A4)+SUMIFS('Kennedy, Vince'!J$4:J$29,'Kennedy, Vince'!$C$4:$C$29,$A4)+SUMIFS('Morningstar, Jeremy J'!J$4:J$50,'Morningstar, Jeremy J'!$C$4:$C$50,$A4)+SUMIFS('Pendlebury, Jay'!J$4:J$31,'Pendlebury, Jay'!$C$4:$C$31,$A4)+SUMIFS('Poore, Jordan'!J$4:J$32,'Poore, Jordan'!$C$4:$C$32,$A4)+SUMIFS('Powers, Dave'!J$4:J$58,'Powers, Dave'!$C$4:$C$58,$A4) -> 0 | G4: =SUMIFS('Barrett, Ken'!K$4:K$31,'Barrett, Ken'!$C$4:$C$31,$A4)+SUMIFS('Brundage, Eric'!K$4:K$39,'Brundage, Eric'!$C$4:$C$39,$A4)+SUMIFS('Dubois, Joe'!K$4:K$70,'Dubois, Joe'!$C$4:$C$70,$A4)+SUMIFS('Gould, Kyle'!K$4:K$53,'Gould, Kyle'!$C$4:$C$53,$A4)+SUMIFS('Jamer, Douglas'!K$4:K$33,'Jamer, Douglas'!$C$4:$C$33,$A4)+SUMIFS('Kennedy, Michael'!K$4:K$87,'Kennedy, Michael'!$C$4:$C$87,$A4)+SUMIFS('Kennedy, Vince'!K$4:K$29,'Kennedy, Vince'!$C$4:$C$29,$A4)+SUMIFS('Morningstar, Jeremy J'!K$4:K$50,'Morningstar, Jeremy J'!$C$4:$C$50,$A4)+SUMIFS('Pendlebury, Jay'!K$4:K$31,'Pendlebury, Jay'!$C$4:$C$31,$A4)+SUMIFS('Poore, Jordan'!K$4:K$32,'Poore, Jordan'!$C$4:$C$32,$A4)+SUMIFS('Powers, Dave'!K$4:K$58,'Powers, Dave'!$C$4:$C$58,$A4) -> 0 | H4: =SUMIFS('Barrett, Ken'!L$4:L$31,'Barrett, Ken'!$C$4:$C$31,$A4)+SUMIFS('Brundage, Eric'!L$4:L$39,'Brundage, Eric'!$C$4:$C$39,$A4)+SUMIFS('Dubois, Joe'!L$4:L$70,'Dubois, Joe'!$C$4:$C$70,$A4)+SUMIFS('Gould, Kyle'!L$4:L$53,'Gould, Kyle'!$C$4:$C$53,$A4)+SUMIFS('Jamer, Douglas'!L$4:L$33,'Jamer, Douglas'!$C$4:$C$33,$A4)+SUMIFS('Kennedy, Michael'!L$4:L$87,'Kennedy, Michael'!$C$4:$C$87,$A4)+SUMIFS('Kennedy, Vince'!L$4:L$29,'Kennedy, Vince'!$C$4:$C$29,$A4)+SUMIFS('Morningstar, Jeremy J'!L$4:L$50,'Morningstar, Jeremy J'!$C$4:$C$50,$A4)+SUMIFS('Pendlebury, Jay'!L$4:L$31,'Pendlebury, Jay'!$C$4:$C$31,$A4)+SUMIFS('Poore, Jordan'!L$4:L$32,'Poore, Jordan'!$C$4:$C$32,$A4)+SUMIFS('Powers, Dave'!L$4:L$58,'Powers, Dave'!$C$4:$C$58,$A4) -> 0 | I4: =SUMIFS('Barrett, Ken'!M$4:M$31,'Barrett, Ken'!$C$4:$C$31,$A4)+SUMIFS('Brundage, Eric'!M$4:M$39,'Brundage, Eric'!$C$4:$C$39,$A4)+SUMIFS('Dubois, Joe'!M$4:M$70,'Dubois, Joe'!$C$4:$C$70,$A4)+SUMIFS('Gould, Kyle'!M$4:M$53,'Gould, Kyle'!$C$4:$C$53,$A4)+SUMIFS('Jamer, Douglas'!M$4:M$33,'Jamer, Douglas'!$C$4:$C$33,$A4)+SUMIFS('Kennedy, Michael'!M$4:M$87,'Kennedy, Michael'!$C$4:$C$87,$A4)+SUMIFS('Kennedy, Vince'!M$4:M$29,'Kennedy, Vince'!$C$4:$C$29,$A4)+SUMIFS('Morningstar, Jeremy J'!M$4:M$50,'Morningstar, Jeremy J'!$C$4:$C$50,$A4)+SUMIFS('Pendlebury, Jay'!M$4:M$31,'Pendlebury, Jay'!$C$4:$C$31,$A4)+SUMIFS('Poore, Jordan'!M$4:M$32,'Poore, Jordan'!$C$4:$C$32,$A4)+SUMIFS('Powers, Dave'!M$4:M$58,'Powers, Dave'!$C$4:$C$58,$A4) -> 0 | ... S4: =SUMIFS('Barrett, Ken'!W$4:W$31,'Barrett, Ken'!$C$4:$C$31,$A4)+SUMIFS('Brundage, Eric'!W$4:W$39,'Brundage, Eric'!$C$4:$C$39,$A4)+SUMIFS('Dubois, Joe'!W$4:W$70,'Dubois, Joe'!$C$4:$C$70,$A4)+SUMIFS('Gould, Kyle'!W$4:W$53,'Gould, Kyle'!$C$4:$C$53,$A4)+SUMIFS('Jamer, Douglas'!W$4:W$33,'Jamer, Douglas'!$C$4:$C$33,$A4)+SUMIFS('Kennedy, Michael'!W$4:W$87,'Kennedy, Michael'!$C$4:$C$87,$A4)+SUMIFS('Kennedy, Vince'!W$4:W$29,'Kennedy, Vince'!$C$4:$C$29,$A4)+SUMIFS('Morningstar, Jeremy J'!W$4:W$50,'Morningstar, Jeremy J'!$C$4:$C$50,$A4)+SUMIFS('Pendlebury, Jay'!W$4:W$31,'Pendlebury, Jay'!$C$4:$C$31,$A4)+SUMIFS('Poore, Jordan'!W$4:W$32,'Poore, Jordan'!$C$4:$C$32,$A4)+SUMIFS('Powers, Dave'!W$4:W$58,'Powers, Dave'!$C$4:$C$58,$A4) -> 0 | T4: =SUM(B4:S4) -> 0
A5: Ainsworth Technical LP | B5: =SUMIFS('Barrett, Ken'!F$4:F$31,'Barrett, Ken'!$C$4:$C$31,$A5)+SUMIFS('Brundage, Eric'!F$4:F$39,'Brundage, Eric'!$C$4:$C$39,$A5)+SUMIFS('Dubois, Joe'!F$4:F$70,'Dubois, Joe'!$C$4:$C$70,$A5)+SUMIFS('Gould, Kyle'!F$4:F$53,'Gould, Kyle'!$C$4:$C$53,$A5)+SUMIFS('Jamer, Douglas'!F$4:F$33,'Jamer, Douglas'!$C$4:$C$33,$A5)+SUMIFS('Kennedy, Michael'!F$4:F$87,'Kennedy, Michael'!$C$4:$C$87,$A5)+SUMIFS('Kennedy, Vince'!F$4:F$29,'Kennedy, Vince'!$C$4:$C$29,$A5)+SUMIFS('Morningstar, Jeremy J'!F$4:F$50,'Morningstar, Jeremy J'!$C$4:$C$50,$A5)+SUMIFS('Pendlebury, Jay'!F$4:F$31,'Pendlebury, Jay'!$C$4:$C$31,$A5)+SUMIFS('Poore, Jordan'!F$4:F$32,'Poore, Jordan'!$C$4:$C$32,$A5)+SUMIFS('Powers, Dave'!F$4:F$58,'Powers, Dave'!$C$4:$C$58,$A5) -> 0 | C5: =SUMIFS('Barrett, Ken'!G$4:G$31,'Barrett, Ken'!$C$4:$C$31,$A5)+SUMIFS('Brundage, Eric'!G$4:G$39,'Brundage, Eric'!$C$4:$C$39,$A5)+SUMIFS('Dubois, Joe'!G$4:G$70,'Dubois, Joe'!$C$4:$C$70,$A5)+SUMIFS('Gould, Kyle'!G$4:G$53,'Gould, Kyle'!$C$4:$C$53,$A5)+SUMIFS('Jamer, Douglas'!G$4:G$33,'Jamer, Douglas'!$C$4:$C$33,$A5)+SUMIFS('Kennedy, Michael'!G$4:G$87,'Kennedy, Michael'!$C$4:$C$87,$A5)+SUMIFS('Kennedy, Vince'!G$4:G$29,'Kennedy, Vince'!$C$4:$C$29,$A5)+SUMIFS('Morningstar, Jeremy J'!G$4:G$50,'Morningstar, Jeremy J'!$C$4:$C$50,$A5)+SUMIFS('Pendlebury, Jay'!G$4:G$31,'Pendlebury, Jay'!$C$4:$C$31,$A5)+SUMIFS('Poore, Jordan'!G$4:G$32,'Poore, Jordan'!$C$4:$C$32,$A5)+SUMIFS('Powers, Dave'!G$4:G$58,'Powers, Dave'!$C$4:$C$58,$A5) -> 0 | D5: =SUMIFS('Barrett, Ken'!H$4:H$31,'Barrett, Ken'!$C$4:$C$31,$A5)+SUMIFS('Brundage, Eric'!H$4:H$39,'Brundage, Eric'!$C$4:$C$39,$A5)+SUMIFS('Dubois, Joe'!H$4:H$70,'Dubois, Joe'!$C$4:$C$70,$A5)+SUMIFS('Gould, Kyle'!H$4:H$53,'Gould, Kyle'!$C$4:$C$53,$A5)+SUMIFS('Jamer, Douglas'!H$4:H$33,'Jamer, Douglas'!$C$4:$C$33,$A5)+SUMIFS('Kennedy, Michael'!H$4:H$87,'Kennedy, Michael'!$C$4:$C$87,$A5)+SUMIFS('Kennedy, Vince'!H$4:H$29,'Kennedy, Vince'!$C$4:$C$29,$A5)+SUMIFS('Morningstar, Jeremy J'!H$4:H$50,'Morningstar, Jeremy J'!$C$4:$C$50,$A5)+SUMIFS('Pendlebury, Jay'!H$4:H$31,'Pendlebury, Jay'!$C$4:$C$31,$A5)+SUMIFS('Poore, Jordan'!H$4:H$32,'Poore, Jordan'!$C$4:$C$32,$A5)+SUMIFS('Powers, Dave'!H$4:H$58,'Powers, Dave'!$C$4:$C$58,$A5) -> 0 | E5: =SUMIFS('Barrett, Ken'!I$4:I$31,'Barrett, Ken'!$C$4:$C$31,$A5)+SUMIFS('Brundage, Eric'!I$4:I$39,'Brundage, Eric'!$C$4:$C$39,$A5)+SUMIFS('Dubois, Joe'!I$4:I$70,'Dubois, Joe'!$C$4:$C$70,$A5)+SUMIFS('Gould, Kyle'!I$4:I$53,'Gould, Kyle'!$C$4:$C$53,$A5)+SUMIFS('Jamer, Douglas'!I$4:I$33,'Jamer, Douglas'!$C$4:$C$33,$A5)+SUMIFS('Kennedy, Michael'!I$4:I$87,'Kennedy, Michael'!$C$4:$C$87,$A5)+SUMIFS('Kennedy, Vince'!I$4:I$29,'Kennedy, Vince'!$C$4:$C$29,$A5)+SUMIFS('Morningstar, Jeremy J'!I$4:I$50,'Morningstar, Jeremy J'!$C$4:$C$50,$A5)+SUMIFS('Pendlebury, Jay'!I$4:I$31,'Pendlebury, Jay'!$C$4:$C$31,$A5)+SUMIFS('Poore, Jordan'!I$4:I$32,'Poore, Jordan'!$C$4:$C$32,$A5)+SUMIFS('Powers, Dave'!I$4:I$58,'Powers, Dave'!$C$4:$C$58,$A5) -> 0 | F5: =SUMIFS('Barrett, Ken'!J$4:J$31,'Barrett, Ken'!$C$4:$C$31,$A5)+SUMIFS('Brundage, Eric'!J$4:J$39,'Brundage, Eric'!$C$4:$C$39,$A5)+SUMIFS('Dubois, Joe'!J$4:J$70,'Dubois, Joe'!$C$4:$C$70,$A5)+SUMIFS('Gould, Kyle'!J$4:J$53,'Gould, Kyle'!$C$4:$C$53,$A5)+SUMIFS('Jamer, Douglas'!J$4:J$33,'Jamer, Douglas'!$C$4:$C$33,$A5)+SUMIFS('Kennedy, Michael'!J$4:J$87,'Kennedy, Michael'!$C$4:$C$87,$A5)+SUMIFS('Kennedy, Vince'!J$4:J$29,'Kennedy, Vince'!$C$4:$C$29,$A5)+SUMIFS('Morningstar, Jeremy J'!J$4:J$50,'Morningstar, Jeremy J'!$C$4:$C$50,$A5)+SUMIFS('Pendlebury, Jay'!J$4:J$31,'Pendlebury, Jay'!$C$4:$C$31,$A5)+SUMIFS('Poore, Jordan'!J$4:J$32,'Poore, Jordan'!$C$4:$C$32,$A5)+SUMIFS('Powers, Dave'!J$4:J$58,'Powers, Dave'!$C$4:$C$58,$A5) -> 0 | G5: =SUMIFS('Barrett, Ken'!K$4:K$31,'Barrett, Ken'!$C$4:$C$31,$A5)+SUMIFS('Brundage, Eric'!K$4:K$39,'Brundage, Eric'!$C$4:$C$39,$A5)+SUMIFS('Dubois, Joe'!K$4:K$70,'Dubois, Joe'!$C$4:$C$70,$A5)+SUMIFS('Gould, Kyle'!K$4:K$53,'Gould, Kyle'!$C$4:$C$53,$A5)+SUMIFS('Jamer, Douglas'!K$4:K$33,'Jamer, Douglas'!$C$4:$C$33,$A5)+SUMIFS('Kennedy, Michael'!K$4:K$87,'Kennedy, Michael'!$C$4:$C$87,$A5)+SUMIFS('Kennedy, Vince'!K$4:K$29,'Kennedy, Vince'!$C$4:$C$29,$A5)+SUMIFS('Morningstar, Jeremy J'!K$4:K$50,'Morningstar, Jeremy J'!$C$4:$C$50,$A5)+SUMIFS('Pendlebury, Jay'!K$4:K$31,'Pendlebury, Jay'!$C$4:$C$31,$A5)+SUMIFS('Poore, Jordan'!K$4:K$32,'Poore, Jordan'!$C$4:$C$32,$A5)+SUMIFS('Powers, Dave'!K$4:K$58,'Powers, Dave'!$C$4:$C$58,$A5) -> 0 | H5: =SUMIFS('Barrett, Ken'!L$4:L$31,'Barrett, Ken'!$C$4:$C$31,$A5)+SUMIFS('Brundage, Eric'!L$4:L$39,'Brundage, Eric'!$C$4:$C$39,$A5)+SUMIFS('Dubois, Joe'!L$4:L$70,'Dubois, Joe'!$C$4:$C$70,$A5)+SUMIFS('Gould, Kyle'!L$4:L$53,'Gould, Kyle'!$C$4:$C$53,$A5)+SUMIFS('Jamer, Douglas'!L$4:L$33,'Jamer, Douglas'!$C$4:$C$33,$A5)+SUMIFS('Kennedy, Michael'!L$4:L$87,'Kennedy, Michael'!$C$4:$C$87,$A5)+SUMIFS('Kennedy, Vince'!L$4:L$29,'Kennedy, Vince'!$C$4:$C$29,$A5)+SUMIFS('Morningstar, Jeremy J'!L$4:L$50,'Morningstar, Jeremy J'!$C$4:$C$50,$A5)+SUMIFS('Pendlebury, Jay'!L$4:L$31,'Pendlebury, Jay'!$C$4:$C$31,$A5)+SUMIFS('Poore, Jordan'!L$4:L$32,'Poore, Jordan'!$C$4:$C$32,$A5)+SUMIFS('Powers, Dave'!L$4:L$58,'Powers, Dave'!$C$4:$C$58,$A5) -> 0 | I5: =SUMIFS('Barrett, Ken'!M$4:M$31,'Barrett, Ken'!$C$4:$C$31,$A5)+SUMIFS('Brundage, Eric'!M$4:M$39,'Brundage, Eric'!$C$4:$C$39,$A5)+SUMIFS('Dubois, Joe'!M$4:M$70,'Dubois, Joe'!$C$4:$C$70,$A5)+SUMIFS('Gould, Kyle'!M$4:M$53,'Gould, Kyle'!$C$4:$C$53,$A5)+SUMIFS('Jamer, Douglas'!M$4:M$33,'Jamer, Douglas'!$C$4:$C$33,$A5)+SUMIFS('Kennedy, Michael'!M$4:M$87,'Kennedy, Michael'!$C$4:$C$87,$A5)+SUMIFS('Kennedy, Vince'!M$4:M$29,'Kennedy, Vince'!$C$4:$C$29,$A5)+SUMIFS('Morningstar, Jeremy J'!M$4:M$50,'Morningstar, Jeremy J'!$C$4:$C$50,$A5)+SUMIFS('Pendlebury, Jay'!M$4:M$31,'Pendlebury, Jay'!$C$4:$C$31,$A5)+SUMIFS('Poore, Jordan'!M$4:M$32,'Poore, Jordan'!$C$4:$C$32,$A5)+SUMIFS('Powers, Dave'!M$4:M$58,'Powers, Dave'!$C$4:$C$58,$A5) -> 0 | ... S5: =SUMIFS('Barrett, Ken'!W$4:W$31,'Barrett, Ken'!$C$4:$C$31,$A5)+SUMIFS('Brundage, Eric'!W$4:W$39,'Brundage, Eric'!$C$4:$C$39,$A5)+SUMIFS('Dubois, Joe'!W$4:W$70,'Dubois, Joe'!$C$4:$C$70,$A5)+SUMIFS('Gould, Kyle'!W$4:W$53,'Gould, Kyle'!$C$4:$C$53,$A5)+SUMIFS('Jamer, Douglas'!W$4:W$33,'Jamer, Douglas'!$C$4:$C$33,$A5)+SUMIFS('Kennedy, Michael'!W$4:W$87,'Kennedy, Michael'!$C$4:$C$87,$A5)+SUMIFS('Kennedy, Vince'!W$4:W$29,'Kennedy, Vince'!$C$4:$C$29,$A5)+SUMIFS('Morningstar, Jeremy J'!W$4:W$50,'Morningstar, Jeremy J'!$C$4:$C$50,$A5)+SUMIFS('Pendlebury, Jay'!W$4:W$31,'Pendlebury, Jay'!$C$4:$C$31,$A5)+SUMIFS('Poore, Jordan'!W$4:W$32,'Poore, Jordan'!$C$4:$C$32,$A5)+SUMIFS('Powers, Dave'!W$4:W$58,'Powers, Dave'!$C$4:$C$58,$A5) -> 0 | T5: =SUM(B5:S5) -> 0
A6: Arlanxeo Canada Inc. | B6: =SUMIFS('Barrett, Ken'!F$4:F$31,'Barrett, Ken'!$C$4:$C$31,$A6)+SUMIFS('Brundage, Eric'!F$4:F$39,'Brundage, Eric'!$C$4:$C$39,$A6)+SUMIFS('Dubois, Joe'!F$4:F$70,'Dubois, Joe'!$C$4:$C$70,$A6)+SUMIFS('Gould, Kyle'!F$4:F$53,'Gould, Kyle'!$C$4:$C$53,$A6)+SUMIFS('Jamer, Douglas'!F$4:F$33,'Jamer, Douglas'!$C$4:$C$33,$A6)+SUMIFS('Kennedy, Michael'!F$4:F$87,'Kennedy, Michael'!$C$4:$C$87,$A6)+SUMIFS('Kennedy, Vince'!F$4:F$29,'Kennedy, Vince'!$C$4:$C$29,$A6)+SUMIFS('Morningstar, Jeremy J'!F$4:F$50,'Morningstar, Jeremy J'!$C$4:$C$50,$A6)+SUMIFS('Pendlebury, Jay'!F$4:F$31,'Pendlebury, Jay'!$C$4:$C$31,$A6)+SUMIFS('Poore, Jordan'!F$4:F$32,'Poore, Jordan'!$C$4:$C$32,$A6)+SUMIFS('Powers, Dave'!F$4:F$58,'Powers, Dave'!$C$4:$C$58,$A6) -> 0 | C6: =SUMIFS('Barrett, Ken'!G$4:G$31,'Barrett, Ken'!$C$4:$C$31,$A6)+SUMIFS('Brundage, Eric'!G$4:G$39,'Brundage, Eric'!$C$4:$C$39,$A6)+SUMIFS('Dubois, Joe'!G$4:G$70,'Dubois, Joe'!$C$4:$C$70,$A6)+SUMIFS('Gould, Kyle'!G$4:G$53,'Gould, Kyle'!$C$4:$C$53,$A6)+SUMIFS('Jamer, Douglas'!G$4:G$33,'Jamer, Douglas'!$C$4:$C$33,$A6)+SUMIFS('Kennedy, Michael'!G$4:G$87,'Kennedy, Michael'!$C$4:$C$87,$A6)+SUMIFS('Kennedy, Vince'!G$4:G$29,'Kennedy, Vince'!$C$4:$C$29,$A6)+SUMIFS('Morningstar, Jeremy J'!G$4:G$50,'Morningstar, Jeremy J'!$C$4:$C$50,$A6)+SUMIFS('Pendlebury, Jay'!G$4:G$31,'Pendlebury, Jay'!$C$4:$C$31,$A6)+SUMIFS('Poore, Jordan'!G$4:G$32,'Poore, Jordan'!$C$4:$C$32,$A6)+SUMIFS('Powers, Dave'!G$4:G$58,'Powers, Dave'!$C$4:$C$58,$A6) -> 0 | D6: =SUMIFS('Barrett, Ken'!H$4:H$31,'Barrett, Ken'!$C$4:$C$31,$A6)+SUMIFS('Brundage, Eric'!H$4:H$39,'Brundage, Eric'!$C$4:$C$39,$A6)+SUMIFS('Dubois, Joe'!H$4:H$70,'Dubois, Joe'!$C$4:$C$70,$A6)+SUMIFS('Gould, Kyle'!H$4:H$53,'Gould, Kyle'!$C$4:$C$53,$A6)+SUMIFS('Jamer, Douglas'!H$4:H$33,'Jamer, Douglas'!$C$4:$C$33,$A6)+SUMIFS('Kennedy, Michael'!H$4:H$87,'Kennedy, Michael'!$C$4:$C$87,$A6)+SUMIFS('Kennedy, Vince'!H$4:H$29,'Kennedy, Vince'!$C$4:$C$29,$A6)+SUMIFS('Morningstar, Jeremy J'!H$4:H$50,'Morningstar, Jeremy J'!$C$4:$C$50,$A6)+SUMIFS('Pendlebury, Jay'!H$4:H$31,'Pendlebury, Jay'!$C$4:$C$31,$A6)+SUMIFS('Poore, Jordan'!H$4:H$32,'Poore, Jordan'!$C$4:$C$32,$A6)+SUMIFS('Powers, Dave'!H$4:H$58,'Powers, Dave'!$C$4:$C$58,$A6) -> 0 | E6: =SUMIFS('Barrett, Ken'!I$4:I$31,'Barrett, Ken'!$C$4:$C$31,$A6)+SUMIFS('Brundage, Eric'!I$4:I$39,'Brundage, Eric'!$C$4:$C$39,$A6)+SUMIFS('Dubois, Joe'!I$4:I$70,'Dubois, Joe'!$C$4:$C$70,$A6)+SUMIFS('Gould, Kyle'!I$4:I$53,'Gould, Kyle'!$C$4:$C$53,$A6)+SUMIFS('Jamer, Douglas'!I$4:I$33,'Jamer, Douglas'!$C$4:$C$33,$A6)+SUMIFS('Kennedy, Michael'!I$4:I$87,'Kennedy, Michael'!$C$4:$C$87,$A6)+SUMIFS('Kennedy, Vince'!I$4:I$29,'Kennedy, Vince'!$C$4:$C$29,$A6)+SUMIFS('Morningstar, Jeremy J'!I$4:I$50,'Morningstar, Jeremy J'!$C$4:$C$50,$A6)+SUMIFS('Pendlebury, Jay'!I$4:I$31,'Pendlebury, Jay'!$C$4:$C$31,$A6)+SUMIFS('Poore, Jordan'!I$4:I$32,'Poore, Jordan'!$C$4:$C$32,$A6)+SUMIFS('Powers, Dave'!I$4:I$58,'Powers, Dave'!$C$4:$C$58,$A6) -> 0 | F6: =SUMIFS('Barrett, Ken'!J$4:J$31,'Barrett, Ken'!$C$4:$C$31,$A6)+SUMIFS('Brundage, Eric'!J$4:J$39,'Brundage, Eric'!$C$4:$C$39,$A6)+SUMIFS('Dubois, Joe'!J$4:J$70,'Dubois, Joe'!$C$4:$C$70,$A6)+SUMIFS('Gould, Kyle'!J$4:J$53,'Gould, Kyle'!$C$4:$C$53,$A6)+SUMIFS('Jamer, Douglas'!J$4:J$33,'Jamer, Douglas'!$C$4:$C$33,$A6)+SUMIFS('Kennedy, Michael'!J$4:J$87,'Kennedy, Michael'!$C$4:$C$87,$A6)+SUMIFS('Kennedy, Vince'!J$4:J$29,'Kennedy, Vince'!$C$4:$C$29,$A6)+SUMIFS('Morningstar, Jeremy J'!J$4:J$50,'Morningstar, Jeremy J'!$C$4:$C$50,$A6)+SUMIFS('Pendlebury, Jay'!J$4:J$31,'Pendlebury, Jay'!$C$4:$C$31,$A6)+SUMIFS('Poore, Jordan'!J$4:J$32,'Poore, Jordan'!$C$4:$C$32,$A6)+SUMIFS('Powers, Dave'!J$4:J$58,'Powers, Dave'!$C$4:$C$58,$A6) -> 0 | G6: =SUMIFS('Barrett, Ken'!K$4:K$31,'Barrett, Ken'!$C$4:$C$31,$A6)+SUMIFS('Brundage, Eric'!K$4:K$39,'Brundage, Eric'!$C$4:$C$39,$A6)+SUMIFS('Dubois, Joe'!K$4:K$70,'Dubois, Joe'!$C$4:$C$70,$A6)+SUMIFS('Gould, Kyle'!K$4:K$53,'Gould, Kyle'!$C$4:$C$53,$A6)+SUMIFS('Jamer, Douglas'!K$4:K$33,'Jamer, Douglas'!$C$4:$C$33,$A6)+SUMIFS('Kennedy, Michael'!K$4:K$87,'Kennedy, Michael'!$C$4:$C$87,$A6)+SUMIFS('Kennedy, Vince'!K$4:K$29,'Kennedy, Vince'!$C$4:$C$29,$A6)+SUMIFS('Morningstar, Jeremy J'!K$4:K$50,'Morningstar, Jeremy J'!$C$4:$C$50,$A6)+SUMIFS('Pendlebury, Jay'!K$4:K$31,'Pendlebury, Jay'!$C$4:$C$31,$A6)+SUMIFS('Poore, Jordan'!K$4:K$32,'Poore, Jordan'!$C$4:$C$32,$A6)+SUMIFS('Powers, Dave'!K$4:K$58,'Powers, Dave'!$C$4:$C$58,$A6) -> 0 | H6: =SUMIFS('Barrett, Ken'!L$4:L$31,'Barrett, Ken'!$C$4:$C$31,$A6)+SUMIFS('Brundage, Eric'!L$4:L$39,'Brundage, Eric'!$C$4:$C$39,$A6)+SUMIFS('Dubois, Joe'!L$4:L$70,'Dubois, Joe'!$C$4:$C$70,$A6)+SUMIFS('Gould, Kyle'!L$4:L$53,'Gould, Kyle'!$C$4:$C$53,$A6)+SUMIFS('Jamer, Douglas'!L$4:L$33,'Jamer, Douglas'!$C$4:$C$33,$A6)+SUMIFS('Kennedy, Michael'!L$4:L$87,'Kennedy, Michael'!$C$4:$C$87,$A6)+SUMIFS('Kennedy, Vince'!L$4:L$29,'Kennedy, Vince'!$C$4:$C$29,$A6)+SUMIFS('Morningstar, Jeremy J'!L$4:L$50,'Morningstar, Jeremy J'!$C$4:$C$50,$A6)+SUMIFS('Pendlebury, Jay'!L$4:L$31,'Pendlebury, Jay'!$C$4:$C$31,$A6)+SUMIFS('Poore, Jordan'!L$4:L$32,'Poore, Jordan'!$C$4:$C$32,$A6)+SUMIFS('Powers, Dave'!L$4:L$58,'Powers, Dave'!$C$4:$C$58,$A6) -> 0 | I6: =SUMIFS('Barrett, Ken'!M$4:M$31,'Barrett, Ken'!$C$4:$C$31,$A6)+SUMIFS('Brundage, Eric'!M$4:M$39,'Brundage, Eric'!$C$4:$C$39,$A6)+SUMIFS('Dubois, Joe'!M$4:M$70,'Dubois, Joe'!$C$4:$C$70,$A6)+SUMIFS('Gould, Kyle'!M$4:M$53,'Gould, Kyle'!$C$4:$C$53,$A6)+SUMIFS('Jamer, Douglas'!M$4:M$33,'Jamer, Douglas'!$C$4:$C$33,$A6)+SUMIFS('Kennedy, Michael'!M$4:M$87,'Kennedy, Michael'!$C$4:$C$87,$A6)+SUMIFS('Kennedy, Vince'!M$4:M$29,'Kennedy, Vince'!$C$4:$C$29,$A6)+SUMIFS('Morningstar, Jeremy J'!M$4:M$50,'Morningstar, Jeremy J'!$C$4:$C$50,$A6)+SUMIFS('Pendlebury, Jay'!M$4:M$31,'Pendlebury, Jay'!$C$4:$C$31,$A6)+SUMIFS('Poore, Jordan'!M$4:M$32,'Poore, Jordan'!$C$4:$C$32,$A6)+SUMIFS('Powers, Dave'!M$4:M$58,'Powers, Dave'!$C$4:$C$58,$A6) -> 0 | ... S6: =SUMIFS('Barrett, Ken'!W$4:W$31,'Barrett, Ken'!$C$4:$C$31,$A6)+SUMIFS('Brundage, Eric'!W$4:W$39,'Brundage, Eric'!$C$4:$C$39,$A6)+SUMIFS('Dubois, Joe'!W$4:W$70,'Dubois, Joe'!$C$4:$C$70,$A6)+SUMIFS('Gould, Kyle'!W$4:W$53,'Gould, Kyle'!$C$4:$C$53,$A6)+SUMIFS('Jamer, Douglas'!W$4:W$33,'Jamer, Douglas'!$C$4:$C$33,$A6)+SUMIFS('Kennedy, Michael'!W$4:W$87,'Kennedy, Michael'!$C$4:$C$87,$A6)+SUMIFS('Kennedy, Vince'!W$4:W$29,'Kennedy, Vince'!$C$4:$C$29,$A6)+SUMIFS('Morningstar, Jeremy J'!W$4:W$50,'Morningstar, Jeremy J'!$C$4:$C$50,$A6)+SUMIFS('Pendlebury, Jay'!W$4:W$31,'Pendlebury, Jay'!$C$4:$C$31,$A6)+SUMIFS('Poore, Jordan'!W$4:W$32,'Poore, Jordan'!$C$4:$C$32,$A6)+SUMIFS('Powers, Dave'!W$4:W$58,'Powers, Dave'!$C$4:$C$58,$A6) -> 0 | T6: =SUM(B6:S6) -> 0
A7: CF Industries | B7: =SUMIFS('Barrett, Ken'!F$4:F$31,'Barrett, Ken'!$C$4:$C$31,$A7)+SUMIFS('Brundage, Eric'!F$4:F$39,'Brundage, Eric'!$C$4:$C$39,$A7)+SUMIFS('Dubois, Joe'!F$4:F$70,'Dubois, Joe'!$C$4:$C$70,$A7)+SUMIFS('Gould, Kyle'!F$4:F$53,'Gould, Kyle'!$C$4:$C$53,$A7)+SUMIFS('Jamer, Douglas'!F$4:F$33,'Jamer, Douglas'!$C$4:$C$33,$A7)+SUMIFS('Kennedy, Michael'!F$4:F$87,'Kennedy, Michael'!$C$4:$C$87,$A7)+SUMIFS('Kennedy, Vince'!F$4:F$29,'Kennedy, Vince'!$C$4:$C$29,$A7)+SUMIFS('Morningstar, Jeremy J'!F$4:F$50,'Morningstar, Jeremy J'!$C$4:$C$50,$A7)+SUMIFS('Pendlebury, Jay'!F$4:F$31,'Pendlebury, Jay'!$C$4:$C$31,$A7)+SUMIFS('Poore, Jordan'!F$4:F$32,'Poore, Jordan'!$C$4:$C$32,$A7)+SUMIFS('Powers, Dave'!F$4:F$58,'Powers, Dave'!$C$4:$C$58,$A7) -> 0 | C7: =SUMIFS('Barrett, Ken'!G$4:G$31,'Barrett, Ken'!$C$4:$C$31,$A7)+SUMIFS('Brundage, Eric'!G$4:G$39,'Brundage, Eric'!$C$4:$C$39,$A7)+SUMIFS('Dubois, Joe'!G$4:G$70,'Dubois, Joe'!$C$4:$C$70,$A7)+SUMIFS('Gould, Kyle'!G$4:G$53,'Gould, Kyle'!$C$4:$C$53,$A7)+SUMIFS('Jamer, Douglas'!G$4:G$33,'Jamer, Douglas'!$C$4:$C$33,$A7)+SUMIFS('Kennedy, Michael'!G$4:G$87,'Kennedy, Michael'!$C$4:$C$87,$A7)+SUMIFS('Kennedy, Vince'!G$4:G$29,'Kennedy, Vince'!$C$4:$C$29,$A7)+SUMIFS('Morningstar, Jeremy J'!G$4:G$50,'Morningstar, Jeremy J'!$C$4:$C$50,$A7)+SUMIFS('Pendlebury, Jay'!G$4:G$31,'Pendlebury, Jay'!$C$4:$C$31,$A7)+SUMIFS('Poore, Jordan'!G$4:G$32,'Poore, Jordan'!$C$4:$C$32,$A7)+SUMIFS('Powers, Dave'!G$4:G$58,'Powers, Dave'!$C$4:$C$58,$A7) -> 0 | D7: =SUMIFS('Barrett, Ken'!H$4:H$31,'Barrett, Ken'!$C$4:$C$31,$A7)+SUMIFS('Brundage, Eric'!H$4:H$39,'Brundage, Eric'!$C$4:$C$39,$A7)+SUMIFS('Dubois, Joe'!H$4:H$70,'Dubois, Joe'!$C$4:$C$70,$A7)+SUMIFS('Gould, Kyle'!H$4:H$53,'Gould, Kyle'!$C$4:$C$53,$A7)+SUMIFS('Jamer, Douglas'!H$4:H$33,'Jamer, Douglas'!$C$4:$C$33,$A7)+SUMIFS('Kennedy, Michael'!H$4:H$87,'Kennedy, Michael'!$C$4:$C$87,$A7)+SUMIFS('Kennedy, Vince'!H$4:H$29,'Kennedy, Vince'!$C$4:$C$29,$A7)+SUMIFS('Morningstar, Jeremy J'!H$4:H$50,'Morningstar, Jeremy J'!$C$4:$C$50,$A7)+SUMIFS('Pendlebury, Jay'!H$4:H$31,'Pendlebury, Jay'!$C$4:$C$31,$A7)+SUMIFS('Poore, Jordan'!H$4:H$32,'Poore, Jordan'!$C$4:$C$32,$A7)+SUMIFS('Powers, Dave'!H$4:H$58,'Powers, Dave'!$C$4:$C$58,$A7) -> 0 | E7: =SUMIFS('Barrett, Ken'!I$4:I$31,'Barrett, Ken'!$C$4:$C$31,$A7)+SUMIFS('Brundage, Eric'!I$4:I$39,'Brundage, Eric'!$C$4:$C$39,$A7)+SUMIFS('Dubois, Joe'!I$4:I$70,'Dubois, Joe'!$C$4:$C$70,$A7)+SUMIFS('Gould, Kyle'!I$4:I$53,'Gould, Kyle'!$C$4:$C$53,$A7)+SUMIFS('Jamer, Douglas'!I$4:I$33,'Jamer, Douglas'!$C$4:$C$33,$A7)+SUMIFS('Kennedy, Michael'!I$4:I$87,'Kennedy, Michael'!$C$4:$C$87,$A7)+SUMIFS('Kennedy, Vince'!I$4:I$29,'Kennedy, Vince'!$C$4:$C$29,$A7)+SUMIFS('Morningstar, Jeremy J'!I$4:I$50,'Morningstar, Jeremy J'!$C$4:$C$50,$A7)+SUMIFS('Pendlebury, Jay'!I$4:I$31,'Pendlebury, Jay'!$C$4:$C$31,$A7)+SUMIFS('Poore, Jordan'!I$4:I$32,'Poore, Jordan'!$C$4:$C$32,$A7)+SUMIFS('Powers, Dave'!I$4:I$58,'Powers, Dave'!$C$4:$C$58,$A7) -> 0 | F7: =SUMIFS('Barrett, Ken'!J$4:J$31,'Barrett, Ken'!$C$4:$C$31,$A7)+SUMIFS('Brundage, Eric'!J$4:J$39,'Brundage, Eric'!$C$4:$C$39,$A7)+SUMIFS('Dubois, Joe'!J$4:J$70,'Dubois, Joe'!$C$4:$C$70,$A7)+SUMIFS('Gould, Kyle'!J$4:J$53,'Gould, Kyle'!$C$4:$C$53,$A7)+SUMIFS('Jamer, Douglas'!J$4:J$33,'Jamer, Douglas'!$C$4:$C$33,$A7)+SUMIFS('Kennedy, Michael'!J$4:J$87,'Kennedy, Michael'!$C$4:$C$87,$A7)+SUMIFS('Kennedy, Vince'!J$4:J$29,'Kennedy, Vince'!$C$4:$C$29,$A7)+SUMIFS('Morningstar, Jeremy J'!J$4:J$50,'Morningstar, Jeremy J'!$C$4:$C$50,$A7)+SUMIFS('Pendlebury, Jay'!J$4:J$31,'Pendlebury, Jay'!$C$4:$C$31,$A7)+SUMIFS('Poore, Jordan'!J$4:J$32,'Poore, Jordan'!$C$4:$C$32,$A7)+SUMIFS('Powers, Dave'!J$4:J$58,'Powers, Dave'!$C$4:$C$58,$A7) -> 0 | G7: =SUMIFS('Barrett, Ken'!K$4:K$31,'Barrett, Ken'!$C$4:$C$31,$A7)+SUMIFS('Brundage, Eric'!K$4:K$39,'Brundage, Eric'!$C$4:$C$39,$A7)+SUMIFS('Dubois, Joe'!K$4:K$70,'Dubois, Joe'!$C$4:$C$70,$A7)+SUMIFS('Gould, Kyle'!K$4:K$53,'Gould, Kyle'!$C$4:$C$53,$A7)+SUMIFS('Jamer, Douglas'!K$4:K$33,'Jamer, Douglas'!$C$4:$C$33,$A7)+SUMIFS('Kennedy, Michael'!K$4:K$87,'Kennedy, Michael'!$C$4:$C$87,$A7)+SUMIFS('Kennedy, Vince'!K$4:K$29,'Kennedy, Vince'!$C$4:$C$29,$A7)+SUMIFS('Morningstar, Jeremy J'!K$4:K$50,'Morningstar, Jeremy J'!$C$4:$C$50,$A7)+SUMIFS('Pendlebury, Jay'!K$4:K$31,'Pendlebury, Jay'!$C$4:$C$31,$A7)+SUMIFS('Poore, Jordan'!K$4:K$32,'Poore, Jordan'!$C$4:$C$32,$A7)+SUMIFS('Powers, Dave'!K$4:K$58,'Powers, Dave'!$C$4:$C$58,$A7) -> 0 | H7: =SUMIFS('Barrett, Ken'!L$4:L$31,'Barrett, Ken'!$C$4:$C$31,$A7)+SUMIFS('Brundage, Eric'!L$4:L$39,'Brundage, Eric'!$C$4:$C$39,$A7)+SUMIFS('Dubois, Joe'!L$4:L$70,'Dubois, Joe'!$C$4:$C$70,$A7)+SUMIFS('Gould, Kyle'!L$4:L$53,'Gould, Kyle'!$C$4:$C$53,$A7)+SUMIFS('Jamer, Douglas'!L$4:L$33,'Jamer, Douglas'!$C$4:$C$33,$A7)+SUMIFS('Kennedy, Michael'!L$4:L$87,'Kennedy, Michael'!$C$4:$C$87,$A7)+SUMIFS('Kennedy, Vince'!L$4:L$29,'Kennedy, Vince'!$C$4:$C$29,$A7)+SUMIFS('Morningstar, Jeremy J'!L$4:L$50,'Morningstar, Jeremy J'!$C$4:$C$50,$A7)+SUMIFS('Pendlebury, Jay'!L$4:L$31,'Pendlebury, Jay'!$C$4:$C$31,$A7)+SUMIFS('Poore, Jordan'!L$4:L$32,'Poore, Jordan'!$C$4:$C$32,$A7)+SUMIFS('Powers, Dave'!L$4:L$58,'Powers, Dave'!$C$4:$C$58,$A7) -> 0 | I7: =SUMIFS('Barrett, Ken'!M$4:M$31,'Barrett, Ken'!$C$4:$C$31,$A7)+SUMIFS('Brundage, Eric'!M$4:M$39,'Brundage, Eric'!$C$4:$C$39,$A7)+SUMIFS('Dubois, Joe'!M$4:M$70,'Dubois, Joe'!$C$4:$C$70,$A7)+SUMIFS('Gould, Kyle'!M$4:M$53,'Gould, Kyle'!$C$4:$C$53,$A7)+SUMIFS('Jamer, Douglas'!M$4:M$33,'Jamer, Douglas'!$C$4:$C$33,$A7)+SUMIFS('Kennedy, Michael'!M$4:M$87,'Kennedy, Michael'!$C$4:$C$87,$A7)+SUMIFS('Kennedy, Vince'!M$4:M$29,'Kennedy, Vince'!$C$4:$C$29,$A7)+SUMIFS('Morningstar, Jeremy J'!M$4:M$50,'Morningstar, Jeremy J'!$C$4:$C$50,$A7)+SUMIFS('Pendlebury, Jay'!M$4:M$31,'Pendlebury, Jay'!$C$4:$C$31,$A7)+SUMIFS('Poore, Jordan'!M$4:M$32,'Poore, Jordan'!$C$4:$C$32,$A7)+SUMIFS('Powers, Dave'!M$4:M$58,'Powers, Dave'!$C$4:$C$58,$A7) -> 0 | ... S7: =SUMIFS('Barrett, Ken'!W$4:W$31,'Barrett, Ken'!$C$4:$C$31,$A7)+SUMIFS('Brundage, Eric'!W$4:W$39,'Brundage, Eric'!$C$4:$C$39,$A7)+SUMIFS('Dubois, Joe'!W$4:W$70,'Dubois, Joe'!$C$4:$C$70,$A7)+SUMIFS('Gould, Kyle'!W$4:W$53,'Gould, Kyle'!$C$4:$C$53,$A7)+SUMIFS('Jamer, Douglas'!W$4:W$33,'Jamer, Douglas'!$C$4:$C$33,$A7)+SUMIFS('Kennedy, Michael'!W$4:W$87,'Kennedy, Michael'!$C$4:$C$87,$A7)+SUMIFS('Kennedy, Vince'!W$4:W$29,'Kennedy, Vince'!$C$4:$C$29,$A7)+SUMIFS('Morningstar, Jeremy J'!W$4:W$50,'Morningstar, Jeremy J'!$C$4:$C$50,$A7)+SUMIFS('Pendlebury, Jay'!W$4:W$31,'Pendlebury, Jay'!$C$4:$C$31,$A7)+SUMIFS('Poore, Jordan'!W$4:W$32,'Poore, Jordan'!$C$4:$C$32,$A7)+SUMIFS('Powers, Dave'!W$4:W$58,'Powers, Dave'!$C$4:$C$58,$A7) -> 0 | T7: =SUM(B7:S7) -> 0
A8: Cope Construction Co | B8: =SUMIFS('Barrett, Ken'!F$4:F$31,'Barrett, Ken'!$C$4:$C$31,$A8)+SUMIFS('Brundage, Eric'!F$4:F$39,'Brundage, Eric'!$C$4:$C$39,$A8)+SUMIFS('Dubois, Joe'!F$4:F$70,'Dubois, Joe'!$C$4:$C$70,$A8)+SUMIFS('Gould, Kyle'!F$4:F$53,'Gould, Kyle'!$C$4:$C$53,$A8)+SUMIFS('Jamer, Douglas'!F$4:F$33,'Jamer, Douglas'!$C$4:$C$33,$A8)+SUMIFS('Kennedy, Michael'!F$4:F$87,'Kennedy, Michael'!$C$4:$C$87,$A8)+SUMIFS('Kennedy, Vince'!F$4:F$29,'Kennedy, Vince'!$C$4:$C$29,$A8)+SUMIFS('Morningstar, Jeremy J'!F$4:F$50,'Morningstar, Jeremy J'!$C$4:$C$50,$A8)+SUMIFS('Pendlebury, Jay'!F$4:F$31,'Pendlebury, Jay'!$C$4:$C$31,$A8)+SUMIFS('Poore, Jordan'!F$4:F$32,'Poore, Jordan'!$C$4:$C$32,$A8)+SUMIFS('Powers, Dave'!F$4:F$58,'Powers, Dave'!$C$4:$C$58,$A8) -> 0 | C8: =SUMIFS('Barrett, Ken'!G$4:G$31,'Barrett, Ken'!$C$4:$C$31,$A8)+SUMIFS('Brundage, Eric'!G$4:G$39,'Brundage, Eric'!$C$4:$C$39,$A8)+SUMIFS('Dubois, Joe'!G$4:G$70,'Dubois, Joe'!$C$4:$C$70,$A8)+SUMIFS('Gould, Kyle'!G$4:G$53,'Gould, Kyle'!$C$4:$C$53,$A8)+SUMIFS('Jamer, Douglas'!G$4:G$33,'Jamer, Douglas'!$C$4:$C$33,$A8)+SUMIFS('Kennedy, Michael'!G$4:G$87,'Kennedy, Michael'!$C$4:$C$87,$A8)+SUMIFS('Kennedy, Vince'!G$4:G$29,'Kennedy, Vince'!$C$4:$C$29,$A8)+SUMIFS('Morningstar, Jeremy J'!G$4:G$50,'Morningstar, Jeremy J'!$C$4:$C$50,$A8)+SUMIFS('Pendlebury, Jay'!G$4:G$31,'Pendlebury, Jay'!$C$4:$C$31,$A8)+SUMIFS('Poore, Jordan'!G$4:G$32,'Poore, Jordan'!$C$4:$C$32,$A8)+SUMIFS('Powers, Dave'!G$4:G$58,'Powers, Dave'!$C$4:$C$58,$A8) -> 0 | D8: =SUMIFS('Barrett, Ken'!H$4:H$31,'Barrett, Ken'!$C$4:$C$31,$A8)+SUMIFS('Brundage, Eric'!H$4:H$39,'Brundage, Eric'!$C$4:$C$39,$A8)+SUMIFS('Dubois, Joe'!H$4:H$70,'Dubois, Joe'!$C$4:$C$70,$A8)+SUMIFS('Gould, Kyle'!H$4:H$53,'Gould, Kyle'!$C$4:$C$53,$A8)+SUMIFS('Jamer, Douglas'!H$4:H$33,'Jamer, Douglas'!$C$4:$C$33,$A8)+SUMIFS('Kennedy, Michael'!H$4:H$87,'Kennedy, Michael'!$C$4:$C$87,$A8)+SUMIFS('Kennedy, Vince'!H$4:H$29,'Kennedy, Vince'!$C$4:$C$29,$A8)+SUMIFS('Morningstar, Jeremy J'!H$4:H$50,'Morningstar, Jeremy J'!$C$4:$C$50,$A8)+SUMIFS('Pendlebury, Jay'!H$4:H$31,'Pendlebury, Jay'!$C$4:$C$31,$A8)+SUMIFS('Poore, Jordan'!H$4:H$32,'Poore, Jordan'!$C$4:$C$32,$A8)+SUMIFS('Powers, Dave'!H$4:H$58,'Powers, Dave'!$C$4:$C$58,$A8) -> 0 | E8: =SUMIFS('Barrett, Ken'!I$4:I$31,'Barrett, Ken'!$C$4:$C$31,$A8)+SUMIFS('Brundage, Eric'!I$4:I$39,'Brundage, Eric'!$C$4:$C$39,$A8)+SUMIFS('Dubois, Joe'!I$4:I$70,'Dubois, Joe'!$C$4:$C$70,$A8)+SUMIFS('Gould, Kyle'!I$4:I$53,'Gould, Kyle'!$C$4:$C$53,$A8)+SUMIFS('Jamer, Douglas'!I$4:I$33,'Jamer, Douglas'!$C$4:$C$33,$A8)+SUMIFS('Kennedy, Michael'!I$4:I$87,'Kennedy, Michael'!$C$4:$C$87,$A8)+SUMIFS('Kennedy, Vince'!I$4:I$29,'Kennedy, Vince'!$C$4:$C$29,$A8)+SUMIFS('Morningstar, Jeremy J'!I$4:I$50,'Morningstar, Jeremy J'!$C$4:$C$50,$A8)+SUMIFS('Pendlebury, Jay'!I$4:I$31,'Pendlebury, Jay'!$C$4:$C$31,$A8)+SUMIFS('Poore, Jordan'!I$4:I$32,'Poore, Jordan'!$C$4:$C$32,$A8)+SUMIFS('Powers, Dave'!I$4:I$58,'Powers, Dave'!$C$4:$C$58,$A8) -> 0 | F8: =SUMIFS('Barrett, Ken'!J$4:J$31,'Barrett, Ken'!$C$4:$C$31,$A8)+SUMIFS('Brundage, Eric'!J$4:J$39,'Brundage, Eric'!$C$4:$C$39,$A8)+SUMIFS('Dubois, Joe'!J$4:J$70,'Dubois, Joe'!$C$4:$C$70,$A8)+SUMIFS('Gould, Kyle'!J$4:J$53,'Gould, Kyle'!$C$4:$C$53,$A8)+SUMIFS('Jamer, Douglas'!J$4:J$33,'Jamer, Douglas'!$C$4:$C$33,$A8)+SUMIFS('Kennedy, Michael'!J$4:J$87,'Kennedy, Michael'!$C$4:$C$87,$A8)+SUMIFS('Kennedy, Vince'!J$4:J$29,'Kennedy, Vince'!$C$4:$C$29,$A8)+SUMIFS('Morningstar, Jeremy J'!J$4:J$50,'Morningstar, Jeremy J'!$C$4:$C$50,$A8)+SUMIFS('Pendlebury, Jay'!J$4:J$31,'Pendlebury, Jay'!$C$4:$C$31,$A8)+SUMIFS('Poore, Jordan'!J$4:J$32,'Poore, Jordan'!$C$4:$C$32,$A8)+SUMIFS('Powers, Dave'!J$4:J$58,'Powers, Dave'!$C$4:$C$58,$A8) -> 0 | G8: =SUMIFS('Barrett, Ken'!K$4:K$31,'Barrett, Ken'!$C$4:$C$31,$A8)+SUMIFS('Brundage, Eric'!K$4:K$39,'Brundage, Eric'!$C$4:$C$39,$A8)+SUMIFS('Dubois, Joe'!K$4:K$70,'Dubois, Joe'!$C$4:$C$70,$A8)+SUMIFS('Gould, Kyle'!K$4:K$53,'Gould, Kyle'!$C$4:$C$53,$A8)+SUMIFS('Jamer, Douglas'!K$4:K$33,'Jamer, Douglas'!$C$4:$C$33,$A8)+SUMIFS('Kennedy, Michael'!K$4:K$87,'Kennedy, Michael'!$C$4:$C$87,$A8)+SUMIFS('Kennedy, Vince'!K$4:K$29,'Kennedy, Vince'!$C$4:$C$29,$A8)+SUMIFS('Morningstar, Jeremy J'!K$4:K$50,'Morningstar, Jeremy J'!$C$4:$C$50,$A8)+SUMIFS('Pendlebury, Jay'!K$4:K$31,'Pendlebury, Jay'!$C$4:$C$31,$A8)+SUMIFS('Poore, Jordan'!K$4:K$32,'Poore, Jordan'!$C$4:$C$32,$A8)+SUMIFS('Powers, Dave'!K$4:K$58,'Powers, Dave'!$C$4:$C$58,$A8) -> 0 | H8: =SUMIFS('Barrett, Ken'!L$4:L$31,'Barrett, Ken'!$C$4:$C$31,$A8)+SUMIFS('Brundage, Eric'!L$4:L$39,'Brundage, Eric'!$C$4:$C$39,$A8)+SUMIFS('Dubois, Joe'!L$4:L$70,'Dubois, Joe'!$C$4:$C$70,$A8)+SUMIFS('Gould, Kyle'!L$4:L$53,'Gould, Kyle'!$C$4:$C$53,$A8)+SUMIFS('Jamer, Douglas'!L$4:L$33,'Jamer, Douglas'!$C$4:$C$33,$A8)+SUMIFS('Kennedy, Michael'!L$4:L$87,'Kennedy, Michael'!$C$4:$C$87,$A8)+SUMIFS('Kennedy, Vince'!L$4:L$29,'Kennedy, Vince'!$C$4:$C$29,$A8)+SUMIFS('Morningstar, Jeremy J'!L$4:L$50,'Morningstar, Jeremy J'!$C$4:$C$50,$A8)+SUMIFS('Pendlebury, Jay'!L$4:L$31,'Pendlebury, Jay'!$C$4:$C$31,$A8)+SUMIFS('Poore, Jordan'!L$4:L$32,'Poore, Jordan'!$C$4:$C$32,$A8)+SUMIFS('Powers, Dave'!L$4:L$58,'Powers, Dave'!$C$4:$C$58,$A8) -> 0 | I8: =SUMIFS('Barrett, Ken'!M$4:M$31,'Barrett, Ken'!$C$4:$C$31,$A8)+SUMIFS('Brundage, Eric'!M$4:M$39,'Brundage, Eric'!$C$4:$C$39,$A8)+SUMIFS('Dubois, Joe'!M$4:M$70,'Dubois, Joe'!$C$4:$C$70,$A8)+SUMIFS('Gould, Kyle'!M$4:M$53,'Gould, Kyle'!$C$4:$C$53,$A8)+SUMIFS('Jamer, Douglas'!M$4:M$33,'Jamer, Douglas'!$C$4:$C$33,$A8)+SUMIFS('Kennedy, Michael'!M$4:M$87,'Kennedy, Michael'!$C$4:$C$87,$A8)+SUMIFS('Kennedy, Vince'!M$4:M$29,'Kennedy, Vince'!$C$4:$C$29,$A8)+SUMIFS('Morningstar, Jeremy J'!M$4:M$50,'Morningstar, Jeremy J'!$C$4:$C$50,$A8)+SUMIFS('Pendlebury, Jay'!M$4:M$31,'Pendlebury, Jay'!$C$4:$C$31,$A8)+SUMIFS('Poore, Jordan'!M$4:M$32,'Poore, Jordan'!$C$4:$C$32,$A8)+SUMIFS('Powers, Dave'!M$4:M$58,'Powers, Dave'!$C$4:$C$58,$A8) -> 0 | ... S8: =SUMIFS('Barrett, Ken'!W$4:W$31,'Barrett, Ken'!$C$4:$C$31,$A8)+SUMIFS('Brundage, Eric'!W$4:W$39,'Brundage, Eric'!$C$4:$C$39,$A8)+SUMIFS('Dubois, Joe'!W$4:W$70,'Dubois, Joe'!$C$4:$C$70,$A8)+SUMIFS('Gould, Kyle'!W$4:W$53,'Gould, Kyle'!$C$4:$C$53,$A8)+SUMIFS('Jamer, Douglas'!W$4:W$33,'Jamer, Douglas'!$C$4:$C$33,$A8)+SUMIFS('Kennedy, Michael'!W$4:W$87,'Kennedy, Michael'!$C$4:$C$87,$A8)+SUMIFS('Kennedy, Vince'!W$4:W$29,'Kennedy, Vince'!$C$4:$C$29,$A8)+SUMIFS('Morningstar, Jeremy J'!W$4:W$50,'Morningstar, Jeremy J'!$C$4:$C$50,$A8)+SUMIFS('Pendlebury, Jay'!W$4:W$31,'Pendlebury, Jay'!$C$4:$C$31,$A8)+SUMIFS('Poore, Jordan'!W$4:W$32,'Poore, Jordan'!$C$4:$C$32,$A8)+SUMIFS('Powers, Dave'!W$4:W$58,'Powers, Dave'!$C$4:$C$58,$A8) -> 0 | T8: =SUM(B8:S8) -> 0
A9: Diamond Petrochemicals Canada | B9: =SUMIFS('Barrett, Ken'!F$4:F$31,'Barrett, Ken'!$C$4:$C$31,$A9)+SUMIFS('Brundage, Eric'!F$4:F$39,'Brundage, Eric'!$C$4:$C$39,$A9)+SUMIFS('Dubois, Joe'!F$4:F$70,'Dubois, Joe'!$C$4:$C$70,$A9)+SUMIFS('Gould, Kyle'!F$4:F$53,'Gould, Kyle'!$C$4:$C$53,$A9)+SUMIFS('Jamer, Douglas'!F$4:F$33,'Jamer, Douglas'!$C$4:$C$33,$A9)+SUMIFS('Kennedy, Michael'!F$4:F$87,'Kennedy, Michael'!$C$4:$C$87,$A9)+SUMIFS('Kennedy, Vince'!F$4:F$29,'Kennedy, Vince'!$C$4:$C$29,$A9)+SUMIFS('Morningstar, Jeremy J'!F$4:F$50,'Morningstar, Jeremy J'!$C$4:$C$50,$A9)+SUMIFS('Pendlebury, Jay'!F$4:F$31,'Pendlebury, Jay'!$C$4:$C$31,$A9)+SUMIFS('Poore, Jordan'!F$4:F$32,'Poore, Jordan'!$C$4:$C$32,$A9)+SUMIFS('Powers, Dave'!F$4:F$58,'Powers, Dave'!$C$4:$C$58,$A9) -> 0 | C9: =SUMIFS('Barrett, Ken'!G$4:G$31,'Barrett, Ken'!$C$4:$C$31,$A9)+SUMIFS('Brundage, Eric'!G$4:G$39,'Brundage, Eric'!$C$4:$C$39,$A9)+SUMIFS('Dubois, Joe'!G$4:G$70,'Dubois, Joe'!$C$4:$C$70,$A9)+SUMIFS('Gould, Kyle'!G$4:G$53,'Gould, Kyle'!$C$4:$C$53,$A9)+SUMIFS('Jamer, Douglas'!G$4:G$33,'Jamer, Douglas'!$C$4:$C$33,$A9)+SUMIFS('Kennedy, Michael'!G$4:G$87,'Kennedy, Michael'!$C$4:$C$87,$A9)+SUMIFS('Kennedy, Vince'!G$4:G$29,'Kennedy, Vince'!$C$4:$C$29,$A9)+SUMIFS('Morningstar, Jeremy J'!G$4:G$50,'Morningstar, Jeremy J'!$C$4:$C$50,$A9)+SUMIFS('Pendlebury, Jay'!G$4:G$31,'Pendlebury, Jay'!$C$4:$C$31,$A9)+SUMIFS('Poore, Jordan'!G$4:G$32,'Poore, Jordan'!$C$4:$C$32,$A9)+SUMIFS('Powers, Dave'!G$4:G$58,'Powers, Dave'!$C$4:$C$58,$A9) -> 0 | D9: =SUMIFS('Barrett, Ken'!H$4:H$31,'Barrett, Ken'!$C$4:$C$31,$A9)+SUMIFS('Brundage, Eric'!H$4:H$39,'Brundage, Eric'!$C$4:$C$39,$A9)+SUMIFS('Dubois, Joe'!H$4:H$70,'Dubois, Joe'!$C$4:$C$70,$A9)+SUMIFS('Gould, Kyle'!H$4:H$53,'Gould, Kyle'!$C$4:$C$53,$A9)+SUMIFS('Jamer, Douglas'!H$4:H$33,'Jamer, Douglas'!$C$4:$C$33,$A9)+SUMIFS('Kennedy, Michael'!H$4:H$87,'Kennedy, Michael'!$C$4:$C$87,$A9)+SUMIFS('Kennedy, Vince'!H$4:H$29,'Kennedy, Vince'!$C$4:$C$29,$A9)+SUMIFS('Morningstar, Jeremy J'!H$4:H$50,'Morningstar, Jeremy J'!$C$4:$C$50,$A9)+SUMIFS('Pendlebury, Jay'!H$4:H$31,'Pendlebury, Jay'!$C$4:$C$31,$A9)+SUMIFS('Poore, Jordan'!H$4:H$32,'Poore, Jordan'!$C$4:$C$32,$A9)+SUMIFS('Powers, Dave'!H$4:H$58,'Powers, Dave'!$C$4:$C$58,$A9) -> 0 | E9: =SUMIFS('Barrett, Ken'!I$4:I$31,'Barrett, Ken'!$C$4:$C$31,$A9)+SUMIFS('Brundage, Eric'!I$4:I$39,'Brundage, Eric'!$C$4:$C$39,$A9)+SUMIFS('Dubois, Joe'!I$4:I$70,'Dubois, Joe'!$C$4:$C$70,$A9)+SUMIFS('Gould, Kyle'!I$4:I$53,'Gould, Kyle'!$C$4:$C$53,$A9)+SUMIFS('Jamer, Douglas'!I$4:I$33,'Jamer, Douglas'!$C$4:$C$33,$A9)+SUMIFS('Kennedy, Michael'!I$4:I$87,'Kennedy, Michael'!$C$4:$C$87,$A9)+SUMIFS('Kennedy, Vince'!I$4:I$29,'Kennedy, Vince'!$C$4:$C$29,$A9)+SUMIFS('Morningstar, Jeremy J'!I$4:I$50,'Morningstar, Jeremy J'!$C$4:$C$50,$A9)+SUMIFS('Pendlebury, Jay'!I$4:I$31,'Pendlebury, Jay'!$C$4:$C$31,$A9)+SUMIFS('Poore, Jordan'!I$4:I$32,'Poore, Jordan'!$C$4:$C$32,$A9)+SUMIFS('Powers, Dave'!I$4:I$58,'Powers, Dave'!$C$4:$C$58,$A9) -> 0 | F9: =SUMIFS('Barrett, Ken'!J$4:J$31,'Barrett, Ken'!$C$4:$C$31,$A9)+SUMIFS('Brundage, Eric'!J$4:J$39,'Brundage, Eric'!$C$4:$C$39,$A9)+SUMIFS('Dubois, Joe'!J$4:J$70,'Dubois, Joe'!$C$4:$C$70,$A9)+SUMIFS('Gould, Kyle'!J$4:J$53,'Gould, Kyle'!$C$4:$C$53,$A9)+SUMIFS('Jamer, Douglas'!J$4:J$33,'Jamer, Douglas'!$C$4:$C$33,$A9)+SUMIFS('Kennedy, Michael'!J$4:J$87,'Kennedy, Michael'!$C$4:$C$87,$A9)+SUMIFS('Kennedy, Vince'!J$4:J$29,'Kennedy, Vince'!$C$4:$C$29,$A9)+SUMIFS('Morningstar, Jeremy J'!J$4:J$50,'Morningstar, Jeremy J'!$C$4:$C$50,$A9)+SUMIFS('Pendlebury, Jay'!J$4:J$31,'Pendlebury, Jay'!$C$4:$C$31,$A9)+SUMIFS('Poore, Jordan'!J$4:J$32,'Poore, Jordan'!$C$4:$C$32,$A9)+SUMIFS('Powers, Dave'!J$4:J$58,'Powers, Dave'!$C$4:$C$58,$A9) -> 0 | G9: =SUMIFS('Barrett, Ken'!K$4:K$31,'Barrett, Ken'!$C$4:$C$31,$A9)+SUMIFS('Brundage, Eric'!K$4:K$39,'Brundage, Eric'!$C$4:$C$39,$A9)+SUMIFS('Dubois, Joe'!K$4:K$70,'Dubois, Joe'!$C$4:$C$70,$A9)+SUMIFS('Gould, Kyle'!K$4:K$53,'Gould, Kyle'!$C$4:$C$53,$A9)+SUMIFS('Jamer, Douglas'!K$4:K$33,'Jamer, Douglas'!$C$4:$C$33,$A9)+SUMIFS('Kennedy, Michael'!K$4:K$87,'Kennedy, Michael'!$C$4:$C$87,$A9)+SUMIFS('Kennedy, Vince'!K$4:K$29,'Kennedy, Vince'!$C$4:$C$29,$A9)+SUMIFS('Morningstar, Jeremy J'!K$4:K$50,'Morningstar, Jeremy J'!$C$4:$C$50,$A9)+SUMIFS('Pendlebury, Jay'!K$4:K$31,'Pendlebury, Jay'!$C$4:$C$31,$A9)+SUMIFS('Poore, Jordan'!K$4:K$32,'Poore, Jordan'!$C$4:$C$32,$A9)+SUMIFS('Powers, Dave'!K$4:K$58,'Powers, Dave'!$C$4:$C$58,$A9) -> 0 | H9: =SUMIFS('Barrett, Ken'!L$4:L$31,'Barrett, Ken'!$C$4:$C$31,$A9)+SUMIFS('Brundage, Eric'!L$4:L$39,'Brundage, Eric'!$C$4:$C$39,$A9)+SUMIFS('Dubois, Joe'!L$4:L$70,'Dubois, Joe'!$C$4:$C$70,$A9)+SUMIFS('Gould, Kyle'!L$4:L$53,'Gould, Kyle'!$C$4:$C$53,$A9)+SUMIFS('Jamer, Douglas'!L$4:L$33,'Jamer, Douglas'!$C$4:$C$33,$A9)+SUMIFS('Kennedy, Michael'!L$4:L$87,'Kennedy, Michael'!$C$4:$C$87,$A9)+SUMIFS('Kennedy, Vince'!L$4:L$29,'Kennedy, Vince'!$C$4:$C$29,$A9)+SUMIFS('Morningstar, Jeremy J'!L$4:L$50,'Morningstar, Jeremy J'!$C$4:$C$50,$A9)+SUMIFS('Pendlebury, Jay'!L$4:L$31,'Pendlebury, Jay'!$C$4:$C$31,$A9)+SUMIFS('Poore, Jordan'!L$4:L$32,'Poore, Jordan'!$C$4:$C$32,$A9)+SUMIFS('Powers, Dave'!L$4:L$58,'Powers, Dave'!$C$4:$C$58,$A9) -> 0 | I9: =SUMIFS('Barrett, Ken'!M$4:M$31,'Barrett, Ken'!$C$4:$C$31,$A9)+SUMIFS('Brundage, Eric'!M$4:M$39,'Brundage, Eric'!$C$4:$C$39,$A9)+SUMIFS('Dubois, Joe'!M$4:M$70,'Dubois, Joe'!$C$4:$C$70,$A9)+SUMIFS('Gould, Kyle'!M$4:M$53,'Gould, Kyle'!$C$4:$C$53,$A9)+SUMIFS('Jamer, Douglas'!M$4:M$33,'Jamer, Douglas'!$C$4:$C$33,$A9)+SUMIFS('Kennedy, Michael'!M$4:M$87,'Kennedy, Michael'!$C$4:$C$87,$A9)+SUMIFS('Kennedy, Vince'!M$4:M$29,'Kennedy, Vince'!$C$4:$C$29,$A9)+SUMIFS('Morningstar, Jeremy J'!M$4:M$50,'Morningstar, Jeremy J'!$C$4:$C$50,$A9)+SUMIFS('Pendlebury, Jay'!M$4:M$31,'Pendlebury, Jay'!$C$4:$C$31,$A9)+SUMIFS('Poore, Jordan'!M$4:M$32,'Poore, Jordan'!$C$4:$C$32,$A9)+SUMIFS('Powers, Dave'!M$4:M$58,'Powers, Dave'!$C$4:$C$58,$A9) -> 0 | ... S9: =SUMIFS('Barrett, Ken'!W$4:W$31,'Barrett, Ken'!$C$4:$C$31,$A9)+SUMIFS('Brundage, Eric'!W$4:W$39,'Brundage, Eric'!$C$4:$C$39,$A9)+SUMIFS('Dubois, Joe'!W$4:W$70,'Dubois, Joe'!$C$4:$C$70,$A9)+SUMIFS('Gould, Kyle'!W$4:W$53,'Gould, Kyle'!$C$4:$C$53,$A9)+SUMIFS('Jamer, Douglas'!W$4:W$33,'Jamer, Douglas'!$C$4:$C$33,$A9)+SUMIFS('Kennedy, Michael'!W$4:W$87,'Kennedy, Michael'!$C$4:$C$87,$A9)+SUMIFS('Kennedy, Vince'!W$4:W$29,'Kennedy, Vince'!$C$4:$C$29,$A9)+SUMIFS('Morningstar, Jeremy J'!W$4:W$50,'Morningstar, Jeremy J'!$C$4:$C$50,$A9)+SUMIFS('Pendlebury, Jay'!W$4:W$31,'Pendlebury, Jay'!$C$4:$C$31,$A9)+SUMIFS('Poore, Jordan'!W$4:W$32,'Poore, Jordan'!$C$4:$C$32,$A9)+SUMIFS('Powers, Dave'!W$4:W$58,'Powers, Dave'!$C$4:$C$58,$A9) -> 0 | T9: =SUM(B9:S9) -> 0
A10: Dow Chemical Canada Inc | B10: =SUMIFS('Barrett, Ken'!F$4:F$31,'Barrett, Ken'!$C$4:$C$31,$A10)+SUMIFS('Brundage, Eric'!F$4:F$39,'Brundage, Eric'!$C$4:$C$39,$A10)+SUMIFS('Dubois, Joe'!F$4:F$70,'Dubois, Joe'!$C$4:$C$70,$A10)+SUMIFS('Gould, Kyle'!F$4:F$53,'Gould, Kyle'!$C$4:$C$53,$A10)+SUMIFS('Jamer, Douglas'!F$4:F$33,'Jamer, Douglas'!$C$4:$C$33,$A10)+SUMIFS('Kennedy, Michael'!F$4:F$87,'Kennedy, Michael'!$C$4:$C$87,$A10)+SUMIFS('Kennedy, Vince'!F$4:F$29,'Kennedy, Vince'!$C$4:$C$29,$A10)+SUMIFS('Morningstar, Jeremy J'!F$4:F$50,'Morningstar, Jeremy J'!$C$4:$C$50,$A10)+SUMIFS('Pendlebury, Jay'!F$4:F$31,'Pendlebury, Jay'!$C$4:$C$31,$A10)+SUMIFS('Poore, Jordan'!F$4:F$32,'Poore, Jordan'!$C$4:$C$32,$A10)+SUMIFS('Powers, Dave'!F$4:F$58,'Powers, Dave'!$C$4:$C$58,$A10) -> 0 | C10: =SUMIFS('Barrett, Ken'!G$4:G$31,'Barrett, Ken'!$C$4:$C$31,$A10)+SUMIFS('Brundage, Eric'!G$4:G$39,'Brundage, Eric'!$C$4:$C$39,$A10)+SUMIFS('Dubois, Joe'!G$4:G$70,'Dubois, Joe'!$C$4:$C$70,$A10)+SUMIFS('Gould, Kyle'!G$4:G$53,'Gould, Kyle'!$C$4:$C$53,$A10)+SUMIFS('Jamer, Douglas'!G$4:G$33,'Jamer, Douglas'!$C$4:$C$33,$A10)+SUMIFS('Kennedy, Michael'!G$4:G$87,'Kennedy, Michael'!$C$4:$C$87,$A10)+SUMIFS('Kennedy, Vince'!G$4:G$29,'Kennedy, Vince'!$C$4:$C$29,$A10)+SUMIFS('Morningstar, Jeremy J'!G$4:G$50,'Morningstar, Jeremy J'!$C$4:$C$50,$A10)+SUMIFS('Pendlebury, Jay'!G$4:G$31,'Pendlebury, Jay'!$C$4:$C$31,$A10)+SUMIFS('Poore, Jordan'!G$4:G$32,'Poore, Jordan'!$C$4:$C$32,$A10)+SUMIFS('Powers, Dave'!G$4:G$58,'Powers, Dave'!$C$4:$C$58,$A10) -> 0 | D10: =SUMIFS('Barrett, Ken'!H$4:H$31,'Barrett, Ken'!$C$4:$C$31,$A10)+SUMIFS('Brundage, Eric'!H$4:H$39,'Brundage, Eric'!$C$4:$C$39,$A10)+SUMIFS('Dubois, Joe'!H$4:H$70,'Dubois, Joe'!$C$4:$C$70,$A10)+SUMIFS('Gould, Kyle'!H$4:H$53,'Gould, Kyle'!$C$4:$C$53,$A10)+SUMIFS('Jamer, Douglas'!H$4:H$33,'Jamer, Douglas'!$C$4:$C$33,$A10)+SUMIFS('Kennedy, Michael'!H$4:H$87,'Kennedy, Michael'!$C$4:$C$87,$A10)+SUMIFS('Kennedy, Vince'!H$4:H$29,'Kennedy, Vince'!$C$4:$C$29,$A10)+SUMIFS('Morningstar, Jeremy J'!H$4:H$50,'Morningstar, Jeremy J'!$C$4:$C$50,$A10)+SUMIFS('Pendlebury, Jay'!H$4:H$31,'Pendlebury, Jay'!$C$4:$C$31,$A10)+SUMIFS('Poore, Jordan'!H$4:H$32,'Poore, Jordan'!$C$4:$C$32,$A10)+SUMIFS('Powers, Dave'!H$4:H$58,'Powers, Dave'!$C$4:$C$58,$A10) -> 0 | E10: =SUMIFS('Barrett, Ken'!I$4:I$31,'Barrett, Ken'!$C$4:$C$31,$A10)+SUMIFS('Brundage, Eric'!I$4:I$39,'Brundage, Eric'!$C$4:$C$39,$A10)+SUMIFS('Dubois, Joe'!I$4:I$70,'Dubois, Joe'!$C$4:$C$70,$A10)+SUMIFS('Gould, Kyle'!I$4:I$53,'Gould, Kyle'!$C$4:$C$53,$A10)+SUMIFS('Jamer, Douglas'!I$4:I$33,'Jamer, Douglas'!$C$4:$C$33,$A10)+SUMIFS('Kennedy, Michael'!I$4:I$87,'Kennedy, Michael'!$C$4:$C$87,$A10)+SUMIFS('Kennedy, Vince'!I$4:I$29,'Kennedy, Vince'!$C$4:$C$29,$A10)+SUMIFS('Morningstar, Jeremy J'!I$4:I$50,'Morningstar, Jeremy J'!$C$4:$C$50,$A10)+SUMIFS('Pendlebury, Jay'!I$4:I$31,'Pendlebury, Jay'!$C$4:$C$31,$A10)+SUMIFS('Poore, Jordan'!I$4:I$32,'Poore, Jordan'!$C$4:$C$32,$A10)+SUMIFS('Powers, Dave'!I$4:I$58,'Powers, Dave'!$C$4:$C$58,$A10) -> 0 | F10: =SUMIFS('Barrett, Ken'!J$4:J$31,'Barrett, Ken'!$C$4:$C$31,$A10)+SUMIFS('Brundage, Eric'!J$4:J$39,'Brundage, Eric'!$C$4:$C$39,$A10)+SUMIFS('Dubois, Joe'!J$4:J$70,'Dubois, Joe'!$C$4:$C$70,$A10)+SUMIFS('Gould, Kyle'!J$4:J$53,'Gould, Kyle'!$C$4:$C$53,$A10)+SUMIFS('Jamer, Douglas'!J$4:J$33,'Jamer, Douglas'!$C$4:$C$33,$A10)+SUMIFS('Kennedy, Michael'!J$4:J$87,'Kennedy, Michael'!$C$4:$C$87,$A10)+SUMIFS('Kennedy, Vince'!J$4:J$29,'Kennedy, Vince'!$C$4:$C$29,$A10)+SUMIFS('Morningstar, Jeremy J'!J$4:J$50,'Morningstar, Jeremy J'!$C$4:$C$50,$A10)+SUMIFS('Pendlebury, Jay'!J$4:J$31,'Pendlebury, Jay'!$C$4:$C$31,$A10)+SUMIFS('Poore, Jordan'!J$4:J$32,'Poore, Jordan'!$C$4:$C$32,$A10)+SUMIFS('Powers, Dave'!J$4:J$58,'Powers, Dave'!$C$4:$C$58,$A10) -> 0 | G10: =SUMIFS('Barrett, Ken'!K$4:K$31,'Barrett, Ken'!$C$4:$C$31,$A10)+SUMIFS('Brundage, Eric'!K$4:K$39,'Brundage, Eric'!$C$4:$C$39,$A10)+SUMIFS('Dubois, Joe'!K$4:K$70,'Dubois, Joe'!$C$4:$C$70,$A10)+SUMIFS('Gould, Kyle'!K$4:K$53,'Gould, Kyle'!$C$4:$C$53,$A10)+SUMIFS('Jamer, Douglas'!K$4:K$33,'Jamer, Douglas'!$C$4:$C$33,$A10)+SUMIFS('Kennedy, Michael'!K$4:K$87,'Kennedy, Michael'!$C$4:$C$87,$A10)+SUMIFS('Kennedy, Vince'!K$4:K$29,'Kennedy, Vince'!$C$4:$C$29,$A10)+SUMIFS('Morningstar, Jeremy J'!K$4:K$50,'Morningstar, Jeremy J'!$C$4:$C$50,$A10)+SUMIFS('Pendlebury, Jay'!K$4:K$31,'Pendlebury, Jay'!$C$4:$C$31,$A10)+SUMIFS('Poore, Jordan'!K$4:K$32,'Poore, Jordan'!$C$4:$C$32,$A10)+SUMIFS('Powers, Dave'!K$4:K$58,'Powers, Dave'!$C$4:$C$58,$A10) -> 0 | H10: =SUMIFS('Barrett, Ken'!L$4:L$31,'Barrett, Ken'!$C$4:$C$31,$A10)+SUMIFS('Brundage, Eric'!L$4:L$39,'Brundage, Eric'!$C$4:$C$39,$A10)+SUMIFS('Dubois, Joe'!L$4:L$70,'Dubois, Joe'!$C$4:$C$70,$A10)+SUMIFS('Gould, Kyle'!L$4:L$53,'Gould, Kyle'!$C$4:$C$53,$A10)+SUMIFS('Jamer, Douglas'!L$4:L$33,'Jamer, Douglas'!$C$4:$C$33,$A10)+SUMIFS('Kennedy, Michael'!L$4:L$87,'Kennedy, Michael'!$C$4:$C$87,$A10)+SUMIFS('Kennedy, Vince'!L$4:L$29,'Kennedy, Vince'!$C$4:$C$29,$A10)+SUMIFS('Morningstar, Jeremy J'!L$4:L$50,'Morningstar, Jeremy J'!$C$4:$C$50,$A10)+SUMIFS('Pendlebury, Jay'!L$4:L$31,'Pendlebury, Jay'!$C$4:$C$31,$A10)+SUMIFS('Poore, Jordan'!L$4:L$32,'Poore, Jordan'!$C$4:$C$32,$A10)+SUMIFS('Powers, Dave'!L$4:L$58,'Powers, Dave'!$C$4:$C$58,$A10) -> 0 | I10: =SUMIFS('Barrett, Ken'!M$4:M$31,'Barrett, Ken'!$C$4:$C$31,$A10)+SUMIFS('Brundage, Eric'!M$4:M$39,'Brundage, Eric'!$C$4:$C$39,$A10)+SUMIFS('Dubois, Joe'!M$4:M$70,'Dubois, Joe'!$C$4:$C$70,$A10)+SUMIFS('Gould, Kyle'!M$4:M$53,'Gould, Kyle'!$C$4:$C$53,$A10)+SUMIFS('Jamer, Douglas'!M$4:M$33,'Jamer, Douglas'!$C$4:$C$33,$A10)+SUMIFS('Kennedy, Michael'!M$4:M$87,'Kennedy, Michael'!$C$4:$C$87,$A10)+SUMIFS('Kennedy, Vince'!M$4:M$29,'Kennedy, Vince'!$C$4:$C$29,$A10)+SUMIFS('Morningstar, Jeremy J'!M$4:M$50,'Morningstar, Jeremy J'!$C$4:$C$50,$A10)+SUMIFS('Pendlebury, Jay'!M$4:M$31,'Pendlebury, Jay'!$C$4:$C$31,$A10)+SUMIFS('Poore, Jordan'!M$4:M$32,'Poore, Jordan'!$C$4:$C$32,$A10)+SUMIFS('Powers, Dave'!M$4:M$58,'Powers, Dave'!$C$4:$C$58,$A10) -> 0 | ... S10: =SUMIFS('Barrett, Ken'!W$4:W$31,'Barrett, Ken'!$C$4:$C$31,$A10)+SUMIFS('Brundage, Eric'!W$4:W$39,'Brundage, Eric'!$C$4:$C$39,$A10)+SUMIFS('Dubois, Joe'!W$4:W$70,'Dubois, Joe'!$C$4:$C$70,$A10)+SUMIFS('Gould, Kyle'!W$4:W$53,'Gould, Kyle'!$C$4:$C$53,$A10)+SUMIFS('Jamer, Douglas'!W$4:W$33,'Jamer, Douglas'!$C$4:$C$33,$A10)+SUMIFS('Kennedy, Michael'!W$4:W$87,'Kennedy, Michael'!$C$4:$C$87,$A10)+SUMIFS('Kennedy, Vince'!W$4:W$29,'Kennedy, Vince'!$C$4:$C$29,$A10)+SUMIFS('Morningstar, Jeremy J'!W$4:W$50,'Morningstar, Jeremy J'!$C$4:$C$50,$A10)+SUMIFS('Pendlebury, Jay'!W$4:W$31,'Pendlebury, Jay'!$C$4:$C$31,$A10)+SUMIFS('Poore, Jordan'!W$4:W$32,'Poore, Jordan'!$C$4:$C$32,$A10)+SUMIFS('Powers, Dave'!W$4:W$58,'Powers, Dave'!$C$4:$C$58,$A10) -> 0 | T10: =SUM(B10:S10) -> 0
A11: Enbridge Gas Inc | B11: =SUMIFS('Barrett, Ken'!F$4:F$31,'Barrett, Ken'!$C$4:$C$31,$A11)+SUMIFS('Brundage, Eric'!F$4:F$39,'Brundage, Eric'!$C$4:$C$39,$A11)+SUMIFS('Dubois, Joe'!F$4:F$70,'Dubois, Joe'!$C$4:$C$70,$A11)+SUMIFS('Gould, Kyle'!F$4:F$53,'Gould, Kyle'!$C$4:$C$53,$A11)+SUMIFS('Jamer, Douglas'!F$4:F$33,'Jamer, Douglas'!$C$4:$C$33,$A11)+SUMIFS('Kennedy, Michael'!F$4:F$87,'Kennedy, Michael'!$C$4:$C$87,$A11)+SUMIFS('Kennedy, Vince'!F$4:F$29,'Kennedy, Vince'!$C$4:$C$29,$A11)+SUMIFS('Morningstar, Jeremy J'!F$4:F$50,'Morningstar, Jeremy J'!$C$4:$C$50,$A11)+SUMIFS('Pendlebury, Jay'!F$4:F$31,'Pendlebury, Jay'!$C$4:$C$31,$A11)+SUMIFS('Poore, Jordan'!F$4:F$32,'Poore, Jordan'!$C$4:$C$32,$A11)+SUMIFS('Powers, Dave'!F$4:F$58,'Powers, Dave'!$C$4:$C$58,$A11) -> 0 | C11: =SUMIFS('Barrett, Ken'!G$4:G$31,'Barrett, Ken'!$C$4:$C$31,$A11)+SUMIFS('Brundage, Eric'!G$4:G$39,'Brundage, Eric'!$C$4:$C$39,$A11)+SUMIFS('Dubois, Joe'!G$4:G$70,'Dubois, Joe'!$C$4:$C$70,$A11)+SUMIFS('Gould, Kyle'!G$4:G$53,'Gould, Kyle'!$C$4:$C$53,$A11)+SUMIFS('Jamer, Douglas'!G$4:G$33,'Jamer, Douglas'!$C$4:$C$33,$A11)+SUMIFS('Kennedy, Michael'!G$4:G$87,'Kennedy, Michael'!$C$4:$C$87,$A11)+SUMIFS('Kennedy, Vince'!G$4:G$29,'Kennedy, Vince'!$C$4:$C$29,$A11)+SUMIFS('Morningstar, Jeremy J'!G$4:G$50,'Morningstar, Jeremy J'!$C$4:$C$50,$A11)+SUMIFS('Pendlebury, Jay'!G$4:G$31,'Pendlebury, Jay'!$C$4:$C$31,$A11)+SUMIFS('Poore, Jordan'!G$4:G$32,'Poore, Jordan'!$C$4:$C$32,$A11)+SUMIFS('Powers, Dave'!G$4:G$58,'Powers, Dave'!$C$4:$C$58,$A11) -> 0 | D11: =SUMIFS('Barrett, Ken'!H$4:H$31,'Barrett, Ken'!$C$4:$C$31,$A11)+SUMIFS('Brundage, Eric'!H$4:H$39,'Brundage, Eric'!$C$4:$C$39,$A11)+SUMIFS('Dubois, Joe'!H$4:H$70,'Dubois, Joe'!$C$4:$C$70,$A11)+SUMIFS('Gould, Kyle'!H$4:H$53,'Gould, Kyle'!$C$4:$C$53,$A11)+SUMIFS('Jamer, Douglas'!H$4:H$33,'Jamer, Douglas'!$C$4:$C$33,$A11)+SUMIFS('Kennedy, Michael'!H$4:H$87,'Kennedy, Michael'!$C$4:$C$87,$A11)+SUMIFS('Kennedy, Vince'!H$4:H$29,'Kennedy, Vince'!$C$4:$C$29,$A11)+SUMIFS('Morningstar, Jeremy J'!H$4:H$50,'Morningstar, Jeremy J'!$C$4:$C$50,$A11)+SUMIFS('Pendlebury, Jay'!H$4:H$31,'Pendlebury, Jay'!$C$4:$C$31,$A11)+SUMIFS('Poore, Jordan'!H$4:H$32,'Poore, Jordan'!$C$4:$C$32,$A11)+SUMIFS('Powers, Dave'!H$4:H$58,'Powers, Dave'!$C$4:$C$58,$A11) -> 0 | E11: =SUMIFS('Barrett, Ken'!I$4:I$31,'Barrett, Ken'!$C$4:$C$31,$A11)+SUMIFS('Brundage, Eric'!I$4:I$39,'Brundage, Eric'!$C$4:$C$39,$A11)+SUMIFS('Dubois, Joe'!I$4:I$70,'Dubois, Joe'!$C$4:$C$70,$A11)+SUMIFS('Gould, Kyle'!I$4:I$53,'Gould, Kyle'!$C$4:$C$53,$A11)+SUMIFS('Jamer, Douglas'!I$4:I$33,'Jamer, Douglas'!$C$4:$C$33,$A11)+SUMIFS('Kennedy, Michael'!I$4:I$87,'Kennedy, Michael'!$C$4:$C$87,$A11)+SUMIFS('Kennedy, Vince'!I$4:I$29,'Kennedy, Vince'!$C$4:$C$29,$A11)+SUMIFS('Morningstar, Jeremy J'!I$4:I$50,'Morningstar, Jeremy J'!$C$4:$C$50,$A11)+SUMIFS('Pendlebury, Jay'!I$4:I$31,'Pendlebury, Jay'!$C$4:$C$31,$A11)+SUMIFS('Poore, Jordan'!I$4:I$32,'Poore, Jordan'!$C$4:$C$32,$A11)+SUMIFS('Powers, Dave'!I$4:I$58,'Powers, Dave'!$C$4:$C$58,$A11) -> 0 | F11: =SUMIFS('Barrett, Ken'!J$4:J$31,'Barrett, Ken'!$C$4:$C$31,$A11)+SUMIFS('Brundage, Eric'!J$4:J$39,'Brundage, Eric'!$C$4:$C$39,$A11)+SUMIFS('Dubois, Joe'!J$4:J$70,'Dubois, Joe'!$C$4:$C$70,$A11)+SUMIFS('Gould, Kyle'!J$4:J$53,'Gould, Kyle'!$C$4:$C$53,$A11)+SUMIFS('Jamer, Douglas'!J$4:J$33,'Jamer, Douglas'!$C$4:$C$33,$A11)+SUMIFS('Kennedy, Michael'!J$4:J$87,'Kennedy, Michael'!$C$4:$C$87,$A11)+SUMIFS('Kennedy, Vince'!J$4:J$29,'Kennedy, Vince'!$C$4:$C$29,$A11)+SUMIFS('Morningstar, Jeremy J'!J$4:J$50,'Morningstar, Jeremy J'!$C$4:$C$50,$A11)+SUMIFS('Pendlebury, Jay'!J$4:J$31,'Pendlebury, Jay'!$C$4:$C$31,$A11)+SUMIFS('Poore, Jordan'!J$4:J$32,'Poore, Jordan'!$C$4:$C$32,$A11)+SUMIFS('Powers, Dave'!J$4:J$58,'Powers, Dave'!$C$4:$C$58,$A11) -> 0 | G11: =SUMIFS('Barrett, Ken'!K$4:K$31,'Barrett, Ken'!$C$4:$C$31,$A11)+SUMIFS('Brundage, Eric'!K$4:K$39,'Brundage, Eric'!$C$4:$C$39,$A11)+SUMIFS('Dubois, Joe'!K$4:K$70,'Dubois, Joe'!$C$4:$C$70,$A11)+SUMIFS('Gould, Kyle'!K$4:K$53,'Gould, Kyle'!$C$4:$C$53,$A11)+SUMIFS('Jamer, Douglas'!K$4:K$33,'Jamer, Douglas'!$C$4:$C$33,$A11)+SUMIFS('Kennedy, Michael'!K$4:K$87,'Kennedy, Michael'!$C$4:$C$87,$A11)+SUMIFS('Kennedy, Vince'!K$4:K$29,'Kennedy, Vince'!$C$4:$C$29,$A11)+SUMIFS('Morningstar, Jeremy J'!K$4:K$50,'Morningstar, Jeremy J'!$C$4:$C$50,$A11)+SUMIFS('Pendlebury, Jay'!K$4:K$31,'Pendlebury, Jay'!$C$4:$C$31,$A11)+SUMIFS('Poore, Jordan'!K$4:K$32,'Poore, Jordan'!$C$4:$C$32,$A11)+SUMIFS('Powers, Dave'!K$4:K$58,'Powers, Dave'!$C$4:$C$58,$A11) -> 0 | H11: =SUMIFS('Barrett, Ken'!L$4:L$31,'Barrett, Ken'!$C$4:$C$31,$A11)+SUMIFS('Brundage, Eric'!L$4:L$39,'Brundage, Eric'!$C$4:$C$39,$A11)+SUMIFS('Dubois, Joe'!L$4:L$70,'Dubois, Joe'!$C$4:$C$70,$A11)+SUMIFS('Gould, Kyle'!L$4:L$53,'Gould, Kyle'!$C$4:$C$53,$A11)+SUMIFS('Jamer, Douglas'!L$4:L$33,'Jamer, Douglas'!$C$4:$C$33,$A11)+SUMIFS('Kennedy, Michael'!L$4:L$87,'Kennedy, Michael'!$C$4:$C$87,$A11)+SUMIFS('Kennedy, Vince'!L$4:L$29,'Kennedy, Vince'!$C$4:$C$29,$A11)+SUMIFS('Morningstar, Jeremy J'!L$4:L$50,'Morningstar, Jeremy J'!$C$4:$C$50,$A11)+SUMIFS('Pendlebury, Jay'!L$4:L$31,'Pendlebury, Jay'!$C$4:$C$31,$A11)+SUMIFS('Poore, Jordan'!L$4:L$32,'Poore, Jordan'!$C$4:$C$32,$A11)+SUMIFS('Powers, Dave'!L$4:L$58,'Powers, Dave'!$C$4:$C$58,$A11) -> 0 | I11: =SUMIFS('Barrett, Ken'!M$4:M$31,'Barrett, Ken'!$C$4:$C$31,$A11)+SUMIFS('Brundage, Eric'!M$4:M$39,'Brundage, Eric'!$C$4:$C$39,$A11)+SUMIFS('Dubois, Joe'!M$4:M$70,'Dubois, Joe'!$C$4:$C$70,$A11)+SUMIFS('Gould, Kyle'!M$4:M$53,'Gould, Kyle'!$C$4:$C$53,$A11)+SUMIFS('Jamer, Douglas'!M$4:M$33,'Jamer, Douglas'!$C$4:$C$33,$A11)+SUMIFS('Kennedy, Michael'!M$4:M$87,'Kennedy, Michael'!$C$4:$C$87,$A11)+SUMIFS('Kennedy, Vince'!M$4:M$29,'Kennedy, Vince'!$C$4:$C$29,$A11)+SUMIFS('Morningstar, Jeremy J'!M$4:M$50,'Morningstar, Jeremy J'!$C$4:$C$50,$A11)+SUMIFS('Pendlebury, Jay'!M$4:M$31,'Pendlebury, Jay'!$C$4:$C$31,$A11)+SUMIFS('Poore, Jordan'!M$4:M$32,'Poore, Jordan'!$C$4:$C$32,$A11)+SUMIFS('Powers, Dave'!M$4:M$58,'Powers, Dave'!$C$4:$C$58,$A11) -> 0 | ... S11: =SUMIFS('Barrett, Ken'!W$4:W$31,'Barrett, Ken'!$C$4:$C$31,$A11)+SUMIFS('Brundage, Eric'!W$4:W$39,'Brundage, Eric'!$C$4:$C$39,$A11)+SUMIFS('Dubois, Joe'!W$4:W$70,'Dubois, Joe'!$C$4:$C$70,$A11)+SUMIFS('Gould, Kyle'!W$4:W$53,'Gould, Kyle'!$C$4:$C$53,$A11)+SUMIFS('Jamer, Douglas'!W$4:W$33,'Jamer, Douglas'!$C$4:$C$33,$A11)+SUMIFS('Kennedy, Michael'!W$4:W$87,'Kennedy, Michael'!$C$4:$C$87,$A11)+SUMIFS('Kennedy, Vince'!W$4:W$29,'Kennedy, Vince'!$C$4:$C$29,$A11)+SUMIFS('Morningstar, Jeremy J'!W$4:W$50,'Morningstar, Jeremy J'!$C$4:$C$50,$A11)+SUMIFS('Pendlebury, Jay'!W$4:W$31,'Pendlebury, Jay'!$C$4:$C$31,$A11)+SUMIFS('Poore, Jordan'!W$4:W$32,'Poore, Jordan'!$C$4:$C$32,$A11)+SUMIFS('Powers, Dave'!W$4:W$58,'Powers, Dave'!$C$4:$C$58,$A11) -> 0 | T11: =SUM(B11:S11) -> 0
A12: Goodfellow Construction (1993) Ltd. | B12: =SUMIFS('Barrett, Ken'!F$4:F$31,'Barrett, Ken'!$C$4:$C$31,$A12)+SUMIFS('Brundage, Eric'!F$4:F$39,'Brundage, Eric'!$C$4:$C$39,$A12)+SUMIFS('Dubois, Joe'!F$4:F$70,'Dubois, Joe'!$C$4:$C$70,$A12)+SUMIFS('Gould, Kyle'!F$4:F$53,'Gould, Kyle'!$C$4:$C$53,$A12)+SUMIFS('Jamer, Douglas'!F$4:F$33,'Jamer, Douglas'!$C$4:$C$33,$A12)+SUMIFS('Kennedy, Michael'!F$4:F$87,'Kennedy, Michael'!$C$4:$C$87,$A12)+SUMIFS('Kennedy, Vince'!F$4:F$29,'Kennedy, Vince'!$C$4:$C$29,$A12)+SUMIFS('Morningstar, Jeremy J'!F$4:F$50,'Morningstar, Jeremy J'!$C$4:$C$50,$A12)+SUMIFS('Pendlebury, Jay'!F$4:F$31,'Pendlebury, Jay'!$C$4:$C$31,$A12)+SUMIFS('Poore, Jordan'!F$4:F$32,'Poore, Jordan'!$C$4:$C$32,$A12)+SUMIFS('Powers, Dave'!F$4:F$58,'Powers, Dave'!$C$4:$C$58,$A12) -> 0 | C12: =SUMIFS('Barrett, Ken'!G$4:G$31,'Barrett, Ken'!$C$4:$C$31,$A12)+SUMIFS('Brundage, Eric'!G$4:G$39,'Brundage, Eric'!$C$4:$C$39,$A12)+SUMIFS('Dubois, Joe'!G$4:G$70,'Dubois, Joe'!$C$4:$C$70,$A12)+SUMIFS('Gould, Kyle'!G$4:G$53,'Gould, Kyle'!$C$4:$C$53,$A12)+SUMIFS('Jamer, Douglas'!G$4:G$33,'Jamer, Douglas'!$C$4:$C$33,$A12)+SUMIFS('Kennedy, Michael'!G$4:G$87,'Kennedy, Michael'!$C$4:$C$87,$A12)+SUMIFS('Kennedy, Vince'!G$4:G$29,'Kennedy, Vince'!$C$4:$C$29,$A12)+SUMIFS('Morningstar, Jeremy J'!G$4:G$50,'Morningstar, Jeremy J'!$C$4:$C$50,$A12)+SUMIFS('Pendlebury, Jay'!G$4:G$31,'Pendlebury, Jay'!$C$4:$C$31,$A12)+SUMIFS('Poore, Jordan'!G$4:G$32,'Poore, Jordan'!$C$4:$C$32,$A12)+SUMIFS('Powers, Dave'!G$4:G$58,'Powers, Dave'!$C$4:$C$58,$A12) -> 0 | D12: =SUMIFS('Barrett, Ken'!H$4:H$31,'Barrett, Ken'!$C$4:$C$31,$A12)+SUMIFS('Brundage, Eric'!H$4:H$39,'Brundage, Eric'!$C$4:$C$39,$A12)+SUMIFS('Dubois, Joe'!H$4:H$70,'Dubois, Joe'!$C$4:$C$70,$A12)+SUMIFS('Gould, Kyle'!H$4:H$53,'Gould, Kyle'!$C$4:$C$53,$A12)+SUMIFS('Jamer, Douglas'!H$4:H$33,'Jamer, Douglas'!$C$4:$C$33,$A12)+SUMIFS('Kennedy, Michael'!H$4:H$87,'Kennedy, Michael'!$C$4:$C$87,$A12)+SUMIFS('Kennedy, Vince'!H$4:H$29,'Kennedy, Vince'!$C$4:$C$29,$A12)+SUMIFS('Morningstar, Jeremy J'!H$4:H$50,'Morningstar, Jeremy J'!$C$4:$C$50,$A12)+SUMIFS('Pendlebury, Jay'!H$4:H$31,'Pendlebury, Jay'!$C$4:$C$31,$A12)+SUMIFS('Poore, Jordan'!H$4:H$32,'Poore, Jordan'!$C$4:$C$32,$A12)+SUMIFS('Powers, Dave'!H$4:H$58,'Powers, Dave'!$C$4:$C$58,$A12) -> 0 | E12: =SUMIFS('Barrett, Ken'!I$4:I$31,'Barrett, Ken'!$C$4:$C$31,$A12)+SUMIFS('Brundage, Eric'!I$4:I$39,'Brundage, Eric'!$C$4:$C$39,$A12)+SUMIFS('Dubois, Joe'!I$4:I$70,'Dubois, Joe'!$C$4:$C$70,$A12)+SUMIFS('Gould, Kyle'!I$4:I$53,'Gould, Kyle'!$C$4:$C$53,$A12)+SUMIFS('Jamer, Douglas'!I$4:I$33,'Jamer, Douglas'!$C$4:$C$33,$A12)+SUMIFS('Kennedy, Michael'!I$4:I$87,'Kennedy, Michael'!$C$4:$C$87,$A12)+SUMIFS('Kennedy, Vince'!I$4:I$29,'Kennedy, Vince'!$C$4:$C$29,$A12)+SUMIFS('Morningstar, Jeremy J'!I$4:I$50,'Morningstar, Jeremy J'!$C$4:$C$50,$A12)+SUMIFS('Pendlebury, Jay'!I$4:I$31,'Pendlebury, Jay'!$C$4:$C$31,$A12)+SUMIFS('Poore, Jordan'!I$4:I$32,'Poore, Jordan'!$C$4:$C$32,$A12)+SUMIFS('Powers, Dave'!I$4:I$58,'Powers, Dave'!$C$4:$C$58,$A12) -> 0 | F12: =SUMIFS('Barrett, Ken'!J$4:J$31,'Barrett, Ken'!$C$4:$C$31,$A12)+SUMIFS('Brundage, Eric'!J$4:J$39,'Brundage, Eric'!$C$4:$C$39,$A12)+SUMIFS('Dubois, Joe'!J$4:J$70,'Dubois, Joe'!$C$4:$C$70,$A12)+SUMIFS('Gould, Kyle'!J$4:J$53,'Gould, Kyle'!$C$4:$C$53,$A12)+SUMIFS('Jamer, Douglas'!J$4:J$33,'Jamer, Douglas'!$C$4:$C$33,$A12)+SUMIFS('Kennedy, Michael'!J$4:J$87,'Kennedy, Michael'!$C$4:$C$87,$A12)+SUMIFS('Kennedy, Vince'!J$4:J$29,'Kennedy, Vince'!$C$4:$C$29,$A12)+SUMIFS('Morningstar, Jeremy J'!J$4:J$50,'Morningstar, Jeremy J'!$C$4:$C$50,$A12)+SUMIFS('Pendlebury, Jay'!J$4:J$31,'Pendlebury, Jay'!$C$4:$C$31,$A12)+SUMIFS('Poore, Jordan'!J$4:J$32,'Poore, Jordan'!$C$4:$C$32,$A12)+SUMIFS('Powers, Dave'!J$4:J$58,'Powers, Dave'!$C$4:$C$58,$A12) -> 0 | G12: =SUMIFS('Barrett, Ken'!K$4:K$31,'Barrett, Ken'!$C$4:$C$31,$A12)+SUMIFS('Brundage, Eric'!K$4:K$39,'Brundage, Eric'!$C$4:$C$39,$A12)+SUMIFS('Dubois, Joe'!K$4:K$70,'Dubois, Joe'!$C$4:$C$70,$A12)+SUMIFS('Gould, Kyle'!K$4:K$53,'Gould, Kyle'!$C$4:$C$53,$A12)+SUMIFS('Jamer, Douglas'!K$4:K$33,'Jamer, Douglas'!$C$4:$C$33,$A12)+SUMIFS('Kennedy, Michael'!K$4:K$87,'Kennedy, Michael'!$C$4:$C$87,$A12)+SUMIFS('Kennedy, Vince'!K$4:K$29,'Kennedy, Vince'!$C$4:$C$29,$A12)+SUMIFS('Morningstar, Jeremy J'!K$4:K$50,'Morningstar, Jeremy J'!$C$4:$C$50,$A12)+SUMIFS('Pendlebury, Jay'!K$4:K$31,'Pendlebury, Jay'!$C$4:$C$31,$A12)+SUMIFS('Poore, Jordan'!K$4:K$32,'Poore, Jordan'!$C$4:$C$32,$A12)+SUMIFS('Powers, Dave'!K$4:K$58,'Powers, Dave'!$C$4:$C$58,$A12) -> 0 | H12: =SUMIFS('Barrett, Ken'!L$4:L$31,'Barrett, Ken'!$C$4:$C$31,$A12)+SUMIFS('Brundage, Eric'!L$4:L$39,'Brundage, Eric'!$C$4:$C$39,$A12)+SUMIFS('Dubois, Joe'!L$4:L$70,'Dubois, Joe'!$C$4:$C$70,$A12)+SUMIFS('Gould, Kyle'!L$4:L$53,'Gould, Kyle'!$C$4:$C$53,$A12)+SUMIFS('Jamer, Douglas'!L$4:L$33,'Jamer, Douglas'!$C$4:$C$33,$A12)+SUMIFS('Kennedy, Michael'!L$4:L$87,'Kennedy, Michael'!$C$4:$C$87,$A12)+SUMIFS('Kennedy, Vince'!L$4:L$29,'Kennedy, Vince'!$C$4:$C$29,$A12)+SUMIFS('Morningstar, Jeremy J'!L$4:L$50,'Morningstar, Jeremy J'!$C$4:$C$50,$A12)+SUMIFS('Pendlebury, Jay'!L$4:L$31,'Pendlebury, Jay'!$C$4:$C$31,$A12)+SUMIFS('Poore, Jordan'!L$4:L$32,'Poore, Jordan'!$C$4:$C$32,$A12)+SUMIFS('Powers, Dave'!L$4:L$58,'Powers, Dave'!$C$4:$C$58,$A12) -> 0 | I12: =SUMIFS('Barrett, Ken'!M$4:M$31,'Barrett, Ken'!$C$4:$C$31,$A12)+SUMIFS('Brundage, Eric'!M$4:M$39,'Brundage, Eric'!$C$4:$C$39,$A12)+SUMIFS('Dubois, Joe'!M$4:M$70,'Dubois, Joe'!$C$4:$C$70,$A12)+SUMIFS('Gould, Kyle'!M$4:M$53,'Gould, Kyle'!$C$4:$C$53,$A12)+SUMIFS('Jamer, Douglas'!M$4:M$33,'Jamer, Douglas'!$C$4:$C$33,$A12)+SUMIFS('Kennedy, Michael'!M$4:M$87,'Kennedy, Michael'!$C$4:$C$87,$A12)+SUMIFS('Kennedy, Vince'!M$4:M$29,'Kennedy, Vince'!$C$4:$C$29,$A12)+SUMIFS('Morningstar, Jeremy J'!M$4:M$50,'Morningstar, Jeremy J'!$C$4:$C$50,$A12)+SUMIFS('Pendlebury, Jay'!M$4:M$31,'Pendlebury, Jay'!$C$4:$C$31,$A12)+SUMIFS('Poore, Jordan'!M$4:M$32,'Poore, Jordan'!$C$4:$C$32,$A12)+SUMIFS('Powers, Dave'!M$4:M$58,'Powers, Dave'!$C$4:$C$58,$A12) -> 0 | ... S12: =SUMIFS('Barrett, Ken'!W$4:W$31,'Barrett, Ken'!$C$4:$C$31,$A12)+SUMIFS('Brundage, Eric'!W$4:W$39,'Brundage, Eric'!$C$4:$C$39,$A12)+SUMIFS('Dubois, Joe'!W$4:W$70,'Dubois, Joe'!$C$4:$C$70,$A12)+SUMIFS('Gould, Kyle'!W$4:W$53,'Gould, Kyle'!$C$4:$C$53,$A12)+SUMIFS('Jamer, Douglas'!W$4:W$33,'Jamer, Douglas'!$C$4:$C$33,$A12)+SUMIFS('Kennedy, Michael'!W$4:W$87,'Kennedy, Michael'!$C$4:$C$87,$A12)+SUMIFS('Kennedy, Vince'!W$4:W$29,'Kennedy, Vince'!$C$4:$C$29,$A12)+SUMIFS('Morningstar, Jeremy J'!W$4:W$50,'Morningstar, Jeremy J'!$C$4:$C$50,$A12)+SUMIFS('Pendlebury, Jay'!W$4:W$31,'Pendlebury, Jay'!$C$4:$C$31,$A12)+SUMIFS('Poore, Jordan'!W$4:W$32,'Poore, Jordan'!$C$4:$C$32,$A12)+SUMIFS('Powers, Dave'!W$4:W$58,'Powers, Dave'!$C$4:$C$58,$A12) -> 0 | T12: =SUM(B12:S12) -> 0
A13: H.C. Starck Canada Inc. | B13: =SUMIFS('Barrett, Ken'!F$4:F$31,'Barrett, Ken'!$C$4:$C$31,$A13)+SUMIFS('Brundage, Eric'!F$4:F$39,'Brundage, Eric'!$C$4:$C$39,$A13)+SUMIFS('Dubois, Joe'!F$4:F$70,'Dubois, Joe'!$C$4:$C$70,$A13)+SUMIFS('Gould, Kyle'!F$4:F$53,'Gould, Kyle'!$C$4:$C$53,$A13)+SUMIFS('Jamer, Douglas'!F$4:F$33,'Jamer, Douglas'!$C$4:$C$33,$A13)+SUMIFS('Kennedy, Michael'!F$4:F$87,'Kennedy, Michael'!$C$4:$C$87,$A13)+SUMIFS('Kennedy, Vince'!F$4:F$29,'Kennedy, Vince'!$C$4:$C$29,$A13)+SUMIFS('Morningstar, Jeremy J'!F$4:F$50,'Morningstar, Jeremy J'!$C$4:$C$50,$A13)+SUMIFS('Pendlebury, Jay'!F$4:F$31,'Pendlebury, Jay'!$C$4:$C$31,$A13)+SUMIFS('Poore, Jordan'!F$4:F$32,'Poore, Jordan'!$C$4:$C$32,$A13)+SUMIFS('Powers, Dave'!F$4:F$58,'Powers, Dave'!$C$4:$C$58,$A13) -> 0 | C13: =SUMIFS('Barrett, Ken'!G$4:G$31,'Barrett, Ken'!$C$4:$C$31,$A13)+SUMIFS('Brundage, Eric'!G$4:G$39,'Brundage, Eric'!$C$4:$C$39,$A13)+SUMIFS('Dubois, Joe'!G$4:G$70,'Dubois, Joe'!$C$4:$C$70,$A13)+SUMIFS('Gould, Kyle'!G$4:G$53,'Gould, Kyle'!$C$4:$C$53,$A13)+SUMIFS('Jamer, Douglas'!G$4:G$33,'Jamer, Douglas'!$C$4:$C$33,$A13)+SUMIFS('Kennedy, Michael'!G$4:G$87,'Kennedy, Michael'!$C$4:$C$87,$A13)+SUMIFS('Kennedy, Vince'!G$4:G$29,'Kennedy, Vince'!$C$4:$C$29,$A13)+SUMIFS('Morningstar, Jeremy J'!G$4:G$50,'Morningstar, Jeremy J'!$C$4:$C$50,$A13)+SUMIFS('Pendlebury, Jay'!G$4:G$31,'Pendlebury, Jay'!$C$4:$C$31,$A13)+SUMIFS('Poore, Jordan'!G$4:G$32,'Poore, Jordan'!$C$4:$C$32,$A13)+SUMIFS('Powers, Dave'!G$4:G$58,'Powers, Dave'!$C$4:$C$58,$A13) -> 0 | D13: =SUMIFS('Barrett, Ken'!H$4:H$31,'Barrett, Ken'!$C$4:$C$31,$A13)+SUMIFS('Brundage, Eric'!H$4:H$39,'Brundage, Eric'!$C$4:$C$39,$A13)+SUMIFS('Dubois, Joe'!H$4:H$70,'Dubois, Joe'!$C$4:$C$70,$A13)+SUMIFS('Gould, Kyle'!H$4:H$53,'Gould, Kyle'!$C$4:$C$53,$A13)+SUMIFS('Jamer, Douglas'!H$4:H$33,'Jamer, Douglas'!$C$4:$C$33,$A13)+SUMIFS('Kennedy, Michael'!H$4:H$87,'Kennedy, Michael'!$C$4:$C$87,$A13)+SUMIFS('Kennedy, Vince'!H$4:H$29,'Kennedy, Vince'!$C$4:$C$29,$A13)+SUMIFS('Morningstar, Jeremy J'!H$4:H$50,'Morningstar, Jeremy J'!$C$4:$C$50,$A13)+SUMIFS('Pendlebury, Jay'!H$4:H$31,'Pendlebury, Jay'!$C$4:$C$31,$A13)+SUMIFS('Poore, Jordan'!H$4:H$32,'Poore, Jordan'!$C$4:$C$32,$A13)+SUMIFS('Powers, Dave'!H$4:H$58,'Powers, Dave'!$C$4:$C$58,$A13) -> 0 | E13: =SUMIFS('Barrett, Ken'!I$4:I$31,'Barrett, Ken'!$C$4:$C$31,$A13)+SUMIFS('Brundage, Eric'!I$4:I$39,'Brundage, Eric'!$C$4:$C$39,$A13)+SUMIFS('Dubois, Joe'!I$4:I$70,'Dubois, Joe'!$C$4:$C$70,$A13)+SUMIFS('Gould, Kyle'!I$4:I$53,'Gould, Kyle'!$C$4:$C$53,$A13)+SUMIFS('Jamer, Douglas'!I$4:I$33,'Jamer, Douglas'!$C$4:$C$33,$A13)+SUMIFS('Kennedy, Michael'!I$4:I$87,'Kennedy, Michael'!$C$4:$C$87,$A13)+SUMIFS('Kennedy, Vince'!I$4:I$29,'Kennedy, Vince'!$C$4:$C$29,$A13)+SUMIFS('Morningstar, Jeremy J'!I$4:I$50,'Morningstar, Jeremy J'!$C$4:$C$50,$A13)+SUMIFS('Pendlebury, Jay'!I$4:I$31,'Pendlebury, Jay'!$C$4:$C$31,$A13)+SUMIFS('Poore, Jordan'!I$4:I$32,'Poore, Jordan'!$C$4:$C$32,$A13)+SUMIFS('Powers, Dave'!I$4:I$58,'Powers, Dave'!$C$4:$C$58,$A13) -> 0 | F13: =SUMIFS('Barrett, Ken'!J$4:J$31,'Barrett, Ken'!$C$4:$C$31,$A13)+SUMIFS('Brundage, Eric'!J$4:J$39,'Brundage, Eric'!$C$4:$C$39,$A13)+SUMIFS('Dubois, Joe'!J$4:J$70,'Dubois, Joe'!$C$4:$C$70,$A13)+SUMIFS('Gould, Kyle'!J$4:J$53,'Gould, Kyle'!$C$4:$C$53,$A13)+SUMIFS('Jamer, Douglas'!J$4:J$33,'Jamer, Douglas'!$C$4:$C$33,$A13)+SUMIFS('Kennedy, Michael'!J$4:J$87,'Kennedy, Michael'!$C$4:$C$87,$A13)+SUMIFS('Kennedy, Vince'!J$4:J$29,'Kennedy, Vince'!$C$4:$C$29,$A13)+SUMIFS('Morningstar, Jeremy J'!J$4:J$50,'Morningstar, Jeremy J'!$C$4:$C$50,$A13)+SUMIFS('Pendlebury, Jay'!J$4:J$31,'Pendlebury, Jay'!$C$4:$C$31,$A13)+SUMIFS('Poore, Jordan'!J$4:J$32,'Poore, Jordan'!$C$4:$C$32,$A13)+SUMIFS('Powers, Dave'!J$4:J$58,'Powers, Dave'!$C$4:$C$58,$A13) -> 0 | G13: =SUMIFS('Barrett, Ken'!K$4:K$31,'Barrett, Ken'!$C$4:$C$31,$A13)+SUMIFS('Brundage, Eric'!K$4:K$39,'Brundage, Eric'!$C$4:$C$39,$A13)+SUMIFS('Dubois, Joe'!K$4:K$70,'Dubois, Joe'!$C$4:$C$70,$A13)+SUMIFS('Gould, Kyle'!K$4:K$53,'Gould, Kyle'!$C$4:$C$53,$A13)+SUMIFS('Jamer, Douglas'!K$4:K$33,'Jamer, Douglas'!$C$4:$C$33,$A13)+SUMIFS('Kennedy, Michael'!K$4:K$87,'Kennedy, Michael'!$C$4:$C$87,$A13)+SUMIFS('Kennedy, Vince'!K$4:K$29,'Kennedy, Vince'!$C$4:$C$29,$A13)+SUMIFS('Morningstar, Jeremy J'!K$4:K$50,'Morningstar, Jeremy J'!$C$4:$C$50,$A13)+SUMIFS('Pendlebury, Jay'!K$4:K$31,'Pendlebury, Jay'!$C$4:$C$31,$A13)+SUMIFS('Poore, Jordan'!K$4:K$32,'Poore, Jordan'!$C$4:$C$32,$A13)+SUMIFS('Powers, Dave'!K$4:K$58,'Powers, Dave'!$C$4:$C$58,$A13) -> 0 | H13: =SUMIFS('Barrett, Ken'!L$4:L$31,'Barrett, Ken'!$C$4:$C$31,$A13)+SUMIFS('Brundage, Eric'!L$4:L$39,'Brundage, Eric'!$C$4:$C$39,$A13)+SUMIFS('Dubois, Joe'!L$4:L$70,'Dubois, Joe'!$C$4:$C$70,$A13)+SUMIFS('Gould, Kyle'!L$4:L$53,'Gould, Kyle'!$C$4:$C$53,$A13)+SUMIFS('Jamer, Douglas'!L$4:L$33,'Jamer, Douglas'!$C$4:$C$33,$A13)+SUMIFS('Kennedy, Michael'!L$4:L$87,'Kennedy, Michael'!$C$4:$C$87,$A13)+SUMIFS('Kennedy, Vince'!L$4:L$29,'Kennedy, Vince'!$C$4:$C$29,$A13)+SUMIFS('Morningstar, Jeremy J'!L$4:L$50,'Morningstar, Jeremy J'!$C$4:$C$50,$A13)+SUMIFS('Pendlebury, Jay'!L$4:L$31,'Pendlebury, Jay'!$C$4:$C$31,$A13)+SUMIFS('Poore, Jordan'!L$4:L$32,'Poore, Jordan'!$C$4:$C$32,$A13)+SUMIFS('Powers, Dave'!L$4:L$58,'Powers, Dave'!$C$4:$C$58,$A13) -> 0 | I13: =SUMIFS('Barrett, Ken'!M$4:M$31,'Barrett, Ken'!$C$4:$C$31,$A13)+SUMIFS('Brundage, Eric'!M$4:M$39,'Brundage, Eric'!$C$4:$C$39,$A13)+SUMIFS('Dubois, Joe'!M$4:M$70,'Dubois, Joe'!$C$4:$C$70,$A13)+SUMIFS('Gould, Kyle'!M$4:M$53,'Gould, Kyle'!$C$4:$C$53,$A13)+SUMIFS('Jamer, Douglas'!M$4:M$33,'Jamer, Douglas'!$C$4:$C$33,$A13)+SUMIFS('Kennedy, Michael'!M$4:M$87,'Kennedy, Michael'!$C$4:$C$87,$A13)+SUMIFS('Kennedy, Vince'!M$4:M$29,'Kennedy, Vince'!$C$4:$C$29,$A13)+SUMIFS('Morningstar, Jeremy J'!M$4:M$50,'Morningstar, Jeremy J'!$C$4:$C$50,$A13)+SUMIFS('Pendlebury, Jay'!M$4:M$31,'Pendlebury, Jay'!$C$4:$C$31,$A13)+SUMIFS('Poore, Jordan'!M$4:M$32,'Poore, Jordan'!$C$4:$C$32,$A13)+SUMIFS('Powers, Dave'!M$4:M$58,'Powers, Dave'!$C$4:$C$58,$A13) -> 0 | ... S13: =SUMIFS('Barrett, Ken'!W$4:W$31,'Barrett, Ken'!$C$4:$C$31,$A13)+SUMIFS('Brundage, Eric'!W$4:W$39,'Brundage, Eric'!$C$4:$C$39,$A13)+SUMIFS('Dubois, Joe'!W$4:W$70,'Dubois, Joe'!$C$4:$C$70,$A13)+SUMIFS('Gould, Kyle'!W$4:W$53,'Gould, Kyle'!$C$4:$C$53,$A13)+SUMIFS('Jamer, Douglas'!W$4:W$33,'Jamer, Douglas'!$C$4:$C$33,$A13)+SUMIFS('Kennedy, Michael'!W$4:W$87,'Kennedy, Michael'!$C$4:$C$87,$A13)+SUMIFS('Kennedy, Vince'!W$4:W$29,'Kennedy, Vince'!$C$4:$C$29,$A13)+SUMIFS('Morningstar, Jeremy J'!W$4:W$50,'Morningstar, Jeremy J'!$C$4:$C$50,$A13)+SUMIFS('Pendlebury, Jay'!W$4:W$31,'Pendlebury, Jay'!$C$4:$C$31,$A13)+SUMIFS('Poore, Jordan'!W$4:W$32,'Poore, Jordan'!$C$4:$C$32,$A13)+SUMIFS('Powers, Dave'!W$4:W$58,'Powers, Dave'!$C$4:$C$58,$A13) -> 0 | T13: =SUM(B13:S13) -> 0
A14: Hydrostor | B14: =SUMIFS('Barrett, Ken'!F$4:F$31,'Barrett, Ken'!$C$4:$C$31,$A14)+SUMIFS('Brundage, Eric'!F$4:F$39,'Brundage, Eric'!$C$4:$C$39,$A14)+SUMIFS('Dubois, Joe'!F$4:F$70,'Dubois, Joe'!$C$4:$C$70,$A14)+SUMIFS('Gould, Kyle'!F$4:F$53,'Gould, Kyle'!$C$4:$C$53,$A14)+SUMIFS('Jamer, Douglas'!F$4:F$33,'Jamer, Douglas'!$C$4:$C$33,$A14)+SUMIFS('Kennedy, Michael'!F$4:F$87,'Kennedy, Michael'!$C$4:$C$87,$A14)+SUMIFS('Kennedy, Vince'!F$4:F$29,'Kennedy, Vince'!$C$4:$C$29,$A14)+SUMIFS('Morningstar, Jeremy J'!F$4:F$50,'Morningstar, Jeremy J'!$C$4:$C$50,$A14)+SUMIFS('Pendlebury, Jay'!F$4:F$31,'Pendlebury, Jay'!$C$4:$C$31,$A14)+SUMIFS('Poore, Jordan'!F$4:F$32,'Poore, Jordan'!$C$4:$C$32,$A14)+SUMIFS('Powers, Dave'!F$4:F$58,'Powers, Dave'!$C$4:$C$58,$A14) -> 0 | C14: =SUMIFS('Barrett, Ken'!G$4:G$31,'Barrett, Ken'!$C$4:$C$31,$A14)+SUMIFS('Brundage, Eric'!G$4:G$39,'Brundage, Eric'!$C$4:$C$39,$A14)+SUMIFS('Dubois, Joe'!G$4:G$70,'Dubois, Joe'!$C$4:$C$70,$A14)+SUMIFS('Gould, Kyle'!G$4:G$53,'Gould, Kyle'!$C$4:$C$53,$A14)+SUMIFS('Jamer, Douglas'!G$4:G$33,'Jamer, Douglas'!$C$4:$C$33,$A14)+SUMIFS('Kennedy, Michael'!G$4:G$87,'Kennedy, Michael'!$C$4:$C$87,$A14)+SUMIFS('Kennedy, Vince'!G$4:G$29,'Kennedy, Vince'!$C$4:$C$29,$A14)+SUMIFS('Morningstar, Jeremy J'!G$4:G$50,'Morningstar, Jeremy J'!$C$4:$C$50,$A14)+SUMIFS('Pendlebury, Jay'!G$4:G$31,'Pendlebury, Jay'!$C$4:$C$31,$A14)+SUMIFS('Poore, Jordan'!G$4:G$32,'Poore, Jordan'!$C$4:$C$32,$A14)+SUMIFS('Powers, Dave'!G$4:G$58,'Powers, Dave'!$C$4:$C$58,$A14) -> 0 | D14: =SUMIFS('Barrett, Ken'!H$4:H$31,'Barrett, Ken'!$C$4:$C$31,$A14)+SUMIFS('Brundage, Eric'!H$4:H$39,'Brundage, Eric'!$C$4:$C$39,$A14)+SUMIFS('Dubois, Joe'!H$4:H$70,'Dubois, Joe'!$C$4:$C$70,$A14)+SUMIFS('Gould, Kyle'!H$4:H$53,'Gould, Kyle'!$C$4:$C$53,$A14)+SUMIFS('Jamer, Douglas'!H$4:H$33,'Jamer, Douglas'!$C$4:$C$33,$A14)+SUMIFS('Kennedy, Michael'!H$4:H$87,'Kennedy, Michael'!$C$4:$C$87,$A14)+SUMIFS('Kennedy, Vince'!H$4:H$29,'Kennedy, Vince'!$C$4:$C$29,$A14)+SUMIFS('Morningstar, Jeremy J'!H$4:H$50,'Morningstar, Jeremy J'!$C$4:$C$50,$A14)+SUMIFS('Pendlebury, Jay'!H$4:H$31,'Pendlebury, Jay'!$C$4:$C$31,$A14)+SUMIFS('Poore, Jordan'!H$4:H$32,'Poore, Jordan'!$C$4:$C$32,$A14)+SUMIFS('Powers, Dave'!H$4:H$58,'Powers, Dave'!$C$4:$C$58,$A14) -> 0 | E14: =SUMIFS('Barrett, Ken'!I$4:I$31,'Barrett, Ken'!$C$4:$C$31,$A14)+SUMIFS('Brundage, Eric'!I$4:I$39,'Brundage, Eric'!$C$4:$C$39,$A14)+SUMIFS('Dubois, Joe'!I$4:I$70,'Dubois, Joe'!$C$4:$C$70,$A14)+SUMIFS('Gould, Kyle'!I$4:I$53,'Gould, Kyle'!$C$4:$C$53,$A14)+SUMIFS('Jamer, Douglas'!I$4:I$33,'Jamer, Douglas'!$C$4:$C$33,$A14)+SUMIFS('Kennedy, Michael'!I$4:I$87,'Kennedy, Michael'!$C$4:$C$87,$A14)+SUMIFS('Kennedy, Vince'!I$4:I$29,'Kennedy, Vince'!$C$4:$C$29,$A14)+SUMIFS('Morningstar, Jeremy J'!I$4:I$50,'Morningstar, Jeremy J'!$C$4:$C$50,$A14)+SUMIFS('Pendlebury, Jay'!I$4:I$31,'Pendlebury, Jay'!$C$4:$C$31,$A14)+SUMIFS('Poore, Jordan'!I$4:I$32,'Poore, Jordan'!$C$4:$C$32,$A14)+SUMIFS('Powers, Dave'!I$4:I$58,'Powers, Dave'!$C$4:$C$58,$A14) -> 0 | F14: =SUMIFS('Barrett, Ken'!J$4:J$31,'Barrett, Ken'!$C$4:$C$31,$A14)+SUMIFS('Brundage, Eric'!J$4:J$39,'Brundage, Eric'!$C$4:$C$39,$A14)+SUMIFS('Dubois, Joe'!J$4:J$70,'Dubois, Joe'!$C$4:$C$70,$A14)+SUMIFS('Gould, Kyle'!J$4:J$53,'Gould, Kyle'!$C$4:$C$53,$A14)+SUMIFS('Jamer, Douglas'!J$4:J$33,'Jamer, Douglas'!$C$4:$C$33,$A14)+SUMIFS('Kennedy, Michael'!J$4:J$87,'Kennedy, Michael'!$C$4:$C$87,$A14)+SUMIFS('Kennedy, Vince'!J$4:J$29,'Kennedy, Vince'!$C$4:$C$29,$A14)+SUMIFS('Morningstar, Jeremy J'!J$4:J$50,'Morningstar, Jeremy J'!$C$4:$C$50,$A14)+SUMIFS('Pendlebury, Jay'!J$4:J$31,'Pendlebury, Jay'!$C$4:$C$31,$A14)+SUMIFS('Poore, Jordan'!J$4:J$32,'Poore, Jordan'!$C$4:$C$32,$A14)+SUMIFS('Powers, Dave'!J$4:J$58,'Powers, Dave'!$C$4:$C$58,$A14) -> 0 | G14: =SUMIFS('Barrett, Ken'!K$4:K$31,'Barrett, Ken'!$C$4:$C$31,$A14)+SUMIFS('Brundage, Eric'!K$4:K$39,'Brundage, Eric'!$C$4:$C$39,$A14)+SUMIFS('Dubois, Joe'!K$4:K$70,'Dubois, Joe'!$C$4:$C$70,$A14)+SUMIFS('Gould, Kyle'!K$4:K$53,'Gould, Kyle'!$C$4:$C$53,$A14)+SUMIFS('Jamer, Douglas'!K$4:K$33,'Jamer, Douglas'!$C$4:$C$33,$A14)+SUMIFS('Kennedy, Michael'!K$4:K$87,'Kennedy, Michael'!$C$4:$C$87,$A14)+SUMIFS('Kennedy, Vince'!K$4:K$29,'Kennedy, Vince'!$C$4:$C$29,$A14)+SUMIFS('Morningstar, Jeremy J'!K$4:K$50,'Morningstar, Jeremy J'!$C$4:$C$50,$A14)+SUMIFS('Pendlebury, Jay'!K$4:K$31,'Pendlebury, Jay'!$C$4:$C$31,$A14)+SUMIFS('Poore, Jordan'!K$4:K$32,'Poore, Jordan'!$C$4:$C$32,$A14)+SUMIFS('Powers, Dave'!K$4:K$58,'Powers, Dave'!$C$4:$C$58,$A14) -> 0 | H14: =SUMIFS('Barrett, Ken'!L$4:L$31,'Barrett, Ken'!$C$4:$C$31,$A14)+SUMIFS('Brundage, Eric'!L$4:L$39,'Brundage, Eric'!$C$4:$C$39,$A14)+SUMIFS('Dubois, Joe'!L$4:L$70,'Dubois, Joe'!$C$4:$C$70,$A14)+SUMIFS('Gould, Kyle'!L$4:L$53,'Gould, Kyle'!$C$4:$C$53,$A14)+SUMIFS('Jamer, Douglas'!L$4:L$33,'Jamer, Douglas'!$C$4:$C$33,$A14)+SUMIFS('Kennedy, Michael'!L$4:L$87,'Kennedy, Michael'!$C$4:$C$87,$A14)+SUMIFS('Kennedy, Vince'!L$4:L$29,'Kennedy, Vince'!$C$4:$C$29,$A14)+SUMIFS('Morningstar, Jeremy J'!L$4:L$50,'Morningstar, Jeremy J'!$C$4:$C$50,$A14)+SUMIFS('Pendlebury, Jay'!L$4:L$31,'Pendlebury, Jay'!$C$4:$C$31,$A14)+SUMIFS('Poore, Jordan'!L$4:L$32,'Poore, Jordan'!$C$4:$C$32,$A14)+SUMIFS('Powers, Dave'!L$4:L$58,'Powers, Dave'!$C$4:$C$58,$A14) -> 0 | I14: =SUMIFS('Barrett, Ken'!M$4:M$31,'Barrett, Ken'!$C$4:$C$31,$A14)+SUMIFS('Brundage, Eric'!M$4:M$39,'Brundage, Eric'!$C$4:$C$39,$A14)+SUMIFS('Dubois, Joe'!M$4:M$70,'Dubois, Joe'!$C$4:$C$70,$A14)+SUMIFS('Gould, Kyle'!M$4:M$53,'Gould, Kyle'!$C$4:$C$53,$A14)+SUMIFS('Jamer, Douglas'!M$4:M$33,'Jamer, Douglas'!$C$4:$C$33,$A14)+SUMIFS('Kennedy, Michael'!M$4:M$87,'Kennedy, Michael'!$C$4:$C$87,$A14)+SUMIFS('Kennedy, Vince'!M$4:M$29,'Kennedy, Vince'!$C$4:$C$29,$A14)+SUMIFS('Morningstar, Jeremy J'!M$4:M$50,'Morningstar, Jeremy J'!$C$4:$C$50,$A14)+SUMIFS('Pendlebury, Jay'!M$4:M$31,'Pendlebury, Jay'!$C$4:$C$31,$A14)+SUMIFS('Poore, Jordan'!M$4:M$32,'Poore, Jordan'!$C$4:$C$32,$A14)+SUMIFS('Powers, Dave'!M$4:M$58,'Powers, Dave'!$C$4:$C$58,$A14) -> 0 | ... S14: =SUMIFS('Barrett, Ken'!W$4:W$31,'Barrett, Ken'!$C$4:$C$31,$A14)+SUMIFS('Brundage, Eric'!W$4:W$39,'Brundage, Eric'!$C$4:$C$39,$A14)+SUMIFS('Dubois, Joe'!W$4:W$70,'Dubois, Joe'!$C$4:$C$70,$A14)+SUMIFS('Gould, Kyle'!W$4:W$53,'Gould, Kyle'!$C$4:$C$53,$A14)+SUMIFS('Jamer, Douglas'!W$4:W$33,'Jamer, Douglas'!$C$4:$C$33,$A14)+SUMIFS('Kennedy, Michael'!W$4:W$87,'Kennedy, Michael'!$C$4:$C$87,$A14)+SUMIFS('Kennedy, Vince'!W$4:W$29,'Kennedy, Vince'!$C$4:$C$29,$A14)+SUMIFS('Morningstar, Jeremy J'!W$4:W$50,'Morningstar, Jeremy J'!$C$4:$C$50,$A14)+SUMIFS('Pendlebury, Jay'!W$4:W$31,'Pendlebury, Jay'!$C$4:$C$31,$A14)+SUMIFS('Poore, Jordan'!W$4:W$32,'Poore, Jordan'!$C$4:$C$32,$A14)+SUMIFS('Powers, Dave'!W$4:W$58,'Powers, Dave'!$C$4:$C$58,$A14) -> 0 | T14: =SUM(B14:S14) -> 0
A15: Imperial Oil | B15: =SUMIFS('Barrett, Ken'!F$4:F$31,'Barrett, Ken'!$C$4:$C$31,$A15)+SUMIFS('Brundage, Eric'!F$4:F$39,'Brundage, Eric'!$C$4:$C$39,$A15)+SUMIFS('Dubois, Joe'!F$4:F$70,'Dubois, Joe'!$C$4:$C$70,$A15)+SUMIFS('Gould, Kyle'!F$4:F$53,'Gould, Kyle'!$C$4:$C$53,$A15)+SUMIFS('Jamer, Douglas'!F$4:F$33,'Jamer, Douglas'!$C$4:$C$33,$A15)+SUMIFS('Kennedy, Michael'!F$4:F$87,'Kennedy, Michael'!$C$4:$C$87,$A15)+SUMIFS('Kennedy, Vince'!F$4:F$29,'Kennedy, Vince'!$C$4:$C$29,$A15)+SUMIFS('Morningstar, Jeremy J'!F$4:F$50,'Morningstar, Jeremy J'!$C$4:$C$50,$A15)+SUMIFS('Pendlebury, Jay'!F$4:F$31,'Pendlebury, Jay'!$C$4:$C$31,$A15)+SUMIFS('Poore, Jordan'!F$4:F$32,'Poore, Jordan'!$C$4:$C$32,$A15)+SUMIFS('Powers, Dave'!F$4:F$58,'Powers, Dave'!$C$4:$C$58,$A15) -> 0 | C15: =SUMIFS('Barrett, Ken'!G$4:G$31,'Barrett, Ken'!$C$4:$C$31,$A15)+SUMIFS('Brundage, Eric'!G$4:G$39,'Brundage, Eric'!$C$4:$C$39,$A15)+SUMIFS('Dubois, Joe'!G$4:G$70,'Dubois, Joe'!$C$4:$C$70,$A15)+SUMIFS('Gould, Kyle'!G$4:G$53,'Gould, Kyle'!$C$4:$C$53,$A15)+SUMIFS('Jamer, Douglas'!G$4:G$33,'Jamer, Douglas'!$C$4:$C$33,$A15)+SUMIFS('Kennedy, Michael'!G$4:G$87,'Kennedy, Michael'!$C$4:$C$87,$A15)+SUMIFS('Kennedy, Vince'!G$4:G$29,'Kennedy, Vince'!$C$4:$C$29,$A15)+SUMIFS('Morningstar, Jeremy J'!G$4:G$50,'Morningstar, Jeremy J'!$C$4:$C$50,$A15)+SUMIFS('Pendlebury, Jay'!G$4:G$31,'Pendlebury, Jay'!$C$4:$C$31,$A15)+SUMIFS('Poore, Jordan'!G$4:G$32,'Poore, Jordan'!$C$4:$C$32,$A15)+SUMIFS('Powers, Dave'!G$4:G$58,'Powers, Dave'!$C$4:$C$58,$A15) -> 0 | D15: =SUMIFS('Barrett, Ken'!H$4:H$31,'Barrett, Ken'!$C$4:$C$31,$A15)+SUMIFS('Brundage, Eric'!H$4:H$39,'Brundage, Eric'!$C$4:$C$39,$A15)+SUMIFS('Dubois, Joe'!H$4:H$70,'Dubois, Joe'!$C$4:$C$70,$A15)+SUMIFS('Gould, Kyle'!H$4:H$53,'Gould, Kyle'!$C$4:$C$53,$A15)+SUMIFS('Jamer, Douglas'!H$4:H$33,'Jamer, Douglas'!$C$4:$C$33,$A15)+SUMIFS('Kennedy, Michael'!H$4:H$87,'Kennedy, Michael'!$C$4:$C$87,$A15)+SUMIFS('Kennedy, Vince'!H$4:H$29,'Kennedy, Vince'!$C$4:$C$29,$A15)+SUMIFS('Morningstar, Jeremy J'!H$4:H$50,'Morningstar, Jeremy J'!$C$4:$C$50,$A15)+SUMIFS('Pendlebury, Jay'!H$4:H$31,'Pendlebury, Jay'!$C$4:$C$31,$A15)+SUMIFS('Poore, Jordan'!H$4:H$32,'Poore, Jordan'!$C$4:$C$32,$A15)+SUMIFS('Powers, Dave'!H$4:H$58,'Powers, Dave'!$C$4:$C$58,$A15) -> 0 | E15: =SUMIFS('Barrett, Ken'!I$4:I$31,'Barrett, Ken'!$C$4:$C$31,$A15)+SUMIFS('Brundage, Eric'!I$4:I$39,'Brundage, Eric'!$C$4:$C$39,$A15)+SUMIFS('Dubois, Joe'!I$4:I$70,'Dubois, Joe'!$C$4:$C$70,$A15)+SUMIFS('Gould, Kyle'!I$4:I$53,'Gould, Kyle'!$C$4:$C$53,$A15)+SUMIFS('Jamer, Douglas'!I$4:I$33,'Jamer, Douglas'!$C$4:$C$33,$A15)+SUMIFS('Kennedy, Michael'!I$4:I$87,'Kennedy, Michael'!$C$4:$C$87,$A15)+SUMIFS('Kennedy, Vince'!I$4:I$29,'Kennedy, Vince'!$C$4:$C$29,$A15)+SUMIFS('Morningstar, Jeremy J'!I$4:I$50,'Morningstar, Jeremy J'!$C$4:$C$50,$A15)+SUMIFS('Pendlebury, Jay'!I$4:I$31,'Pendlebury, Jay'!$C$4:$C$31,$A15)+SUMIFS('Poore, Jordan'!I$4:I$32,'Poore, Jordan'!$C$4:$C$32,$A15)+SUMIFS('Powers, Dave'!I$4:I$58,'Powers, Dave'!$C$4:$C$58,$A15) -> 0 | F15: =SUMIFS('Barrett, Ken'!J$4:J$31,'Barrett, Ken'!$C$4:$C$31,$A15)+SUMIFS('Brundage, Eric'!J$4:J$39,'Brundage, Eric'!$C$4:$C$39,$A15)+SUMIFS('Dubois, Joe'!J$4:J$70,'Dubois, Joe'!$C$4:$C$70,$A15)+SUMIFS('Gould, Kyle'!J$4:J$53,'Gould, Kyle'!$C$4:$C$53,$A15)+SUMIFS('Jamer, Douglas'!J$4:J$33,'Jamer, Douglas'!$C$4:$C$33,$A15)+SUMIFS('Kennedy, Michael'!J$4:J$87,'Kennedy, Michael'!$C$4:$C$87,$A15)+SUMIFS('Kennedy, Vince'!J$4:J$29,'Kennedy, Vince'!$C$4:$C$29,$A15)+SUMIFS('Morningstar, Jeremy J'!J$4:J$50,'Morningstar, Jeremy J'!$C$4:$C$50,$A15)+SUMIFS('Pendlebury, Jay'!J$4:J$31,'Pendlebury, Jay'!$C$4:$C$31,$A15)+SUMIFS('Poore, Jordan'!J$4:J$32,'Poore, Jordan'!$C$4:$C$32,$A15)+SUMIFS('Powers, Dave'!J$4:J$58,'Powers, Dave'!$C$4:$C$58,$A15) -> 0 | G15: =SUMIFS('Barrett, Ken'!K$4:K$31,'Barrett, Ken'!$C$4:$C$31,$A15)+SUMIFS('Brundage, Eric'!K$4:K$39,'Brundage, Eric'!$C$4:$C$39,$A15)+SUMIFS('Dubois, Joe'!K$4:K$70,'Dubois, Joe'!$C$4:$C$70,$A15)+SUMIFS('Gould, Kyle'!K$4:K$53,'Gould, Kyle'!$C$4:$C$53,$A15)+SUMIFS('Jamer, Douglas'!K$4:K$33,'Jamer, Douglas'!$C$4:$C$33,$A15)+SUMIFS('Kennedy, Michael'!K$4:K$87,'Kennedy, Michael'!$C$4:$C$87,$A15)+SUMIFS('Kennedy, Vince'!K$4:K$29,'Kennedy, Vince'!$C$4:$C$29,$A15)+SUMIFS('Morningstar, Jeremy J'!K$4:K$50,'Morningstar, Jeremy J'!$C$4:$C$50,$A15)+SUMIFS('Pendlebury, Jay'!K$4:K$31,'Pendlebury, Jay'!$C$4:$C$31,$A15)+SUMIFS('Poore, Jordan'!K$4:K$32,'Poore, Jordan'!$C$4:$C$32,$A15)+SUMIFS('Powers, Dave'!K$4:K$58,'Powers, Dave'!$C$4:$C$58,$A15) -> 0 | H15: =SUMIFS('Barrett, Ken'!L$4:L$31,'Barrett, Ken'!$C$4:$C$31,$A15)+SUMIFS('Brundage, Eric'!L$4:L$39,'Brundage, Eric'!$C$4:$C$39,$A15)+SUMIFS('Dubois, Joe'!L$4:L$70,'Dubois, Joe'!$C$4:$C$70,$A15)+SUMIFS('Gould, Kyle'!L$4:L$53,'Gould, Kyle'!$C$4:$C$53,$A15)+SUMIFS('Jamer, Douglas'!L$4:L$33,'Jamer, Douglas'!$C$4:$C$33,$A15)+SUMIFS('Kennedy, Michael'!L$4:L$87,'Kennedy, Michael'!$C$4:$C$87,$A15)+SUMIFS('Kennedy, Vince'!L$4:L$29,'Kennedy, Vince'!$C$4:$C$29,$A15)+SUMIFS('Morningstar, Jeremy J'!L$4:L$50,'Morningstar, Jeremy J'!$C$4:$C$50,$A15)+SUMIFS('Pendlebury, Jay'!L$4:L$31,'Pendlebury, Jay'!$C$4:$C$31,$A15)+SUMIFS('Poore, Jordan'!L$4:L$32,'Poore, Jordan'!$C$4:$C$32,$A15)+SUMIFS('Powers, Dave'!L$4:L$58,'Powers, Dave'!$C$4:$C$58,$A15) -> 0 | I15: =SUMIFS('Barrett, Ken'!M$4:M$31,'Barrett, Ken'!$C$4:$C$31,$A15)+SUMIFS('Brundage, Eric'!M$4:M$39,'Brundage, Eric'!$C$4:$C$39,$A15)+SUMIFS('Dubois, Joe'!M$4:M$70,'Dubois, Joe'!$C$4:$C$70,$A15)+SUMIFS('Gould, Kyle'!M$4:M$53,'Gould, Kyle'!$C$4:$C$53,$A15)+SUMIFS('Jamer, Douglas'!M$4:M$33,'Jamer, Douglas'!$C$4:$C$33,$A15)+SUMIFS('Kennedy, Michael'!M$4:M$87,'Kennedy, Michael'!$C$4:$C$87,$A15)+SUMIFS('Kennedy, Vince'!M$4:M$29,'Kennedy, Vince'!$C$4:$C$29,$A15)+SUMIFS('Morningstar, Jeremy J'!M$4:M$50,'Morningstar, Jeremy J'!$C$4:$C$50,$A15)+SUMIFS('Pendlebury, Jay'!M$4:M$31,'Pendlebury, Jay'!$C$4:$C$31,$A15)+SUMIFS('Poore, Jordan'!M$4:M$32,'Poore, Jordan'!$C$4:$C$32,$A15)+SUMIFS('Powers, Dave'!M$4:M$58,'Powers, Dave'!$C$4:$C$58,$A15) -> 0 | ... S15: =SUMIFS('Barrett, Ken'!W$4:W$31,'Barrett, Ken'!$C$4:$C$31,$A15)+SUMIFS('Brundage, Eric'!W$4:W$39,'Brundage, Eric'!$C$4:$C$39,$A15)+SUMIFS('Dubois, Joe'!W$4:W$70,'Dubois, Joe'!$C$4:$C$70,$A15)+SUMIFS('Gould, Kyle'!W$4:W$53,'Gould, Kyle'!$C$4:$C$53,$A15)+SUMIFS('Jamer, Douglas'!W$4:W$33,'Jamer, Douglas'!$C$4:$C$33,$A15)+SUMIFS('Kennedy, Michael'!W$4:W$87,'Kennedy, Michael'!$C$4:$C$87,$A15)+SUMIFS('Kennedy, Vince'!W$4:W$29,'Kennedy, Vince'!$C$4:$C$29,$A15)+SUMIFS('Morningstar, Jeremy J'!W$4:W$50,'Morningstar, Jeremy J'!$C$4:$C$50,$A15)+SUMIFS('Pendlebury, Jay'!W$4:W$31,'Pendlebury, Jay'!$C$4:$C$31,$A15)+SUMIFS('Poore, Jordan'!W$4:W$32,'Poore, Jordan'!$C$4:$C$32,$A15)+SUMIFS('Powers, Dave'!W$4:W$58,'Powers, Dave'!$C$4:$C$58,$A15) -> 0 | T15: =SUM(B15:S15) -> 0
... A25: Wolverine Engineering Ltd. | B25: =SUMIFS('Barrett, Ken'!F$4:F$31,'Barrett, Ken'!$C$4:$C$31,$A25)+SUMIFS('Brundage, Eric'!F$4:F$39,'Brundage, Eric'!$C$4:$C$39,$A25)+SUMIFS('Dubois, Joe'!F$4:F$70,'Dubois, Joe'!$C$4:$C$70,$A25)+SUMIFS('Gould, Kyle'!F$4:F$53,'Gould, Kyle'!$C$4:$C$53,$A25)+SUMIFS('Jamer, Douglas'!F$4:F$33,'Jamer, Douglas'!$C$4:$C$33,$A25)+SUMIFS('Kennedy, Michael'!F$4:F$87,'Kennedy, Michael'!$C$4:$C$87,$A25)+SUMIFS('Kennedy, Vince'!F$4:F$29,'Kennedy, Vince'!$C$4:$C$29,$A25)+SUMIFS('Morningstar, Jeremy J'!F$4:F$50,'Morningstar, Jeremy J'!$C$4:$C$50,$A25)+SUMIFS('Pendlebury, Jay'!F$4:F$31,'Pendlebury, Jay'!$C$4:$C$31,$A25)+SUMIFS('Poore, Jordan'!F$4:F$32,'Poore, Jordan'!$C$4:$C$32,$A25)+SUMIFS('Powers, Dave'!F$4:F$58,'Powers, Dave'!$C$4:$C$58,$A25) -> 0 | C25: =SUMIFS('Barrett, Ken'!G$4:G$31,'Barrett, Ken'!$C$4:$C$31,$A25)+SUMIFS('Brundage, Eric'!G$4:G$39,'Brundage, Eric'!$C$4:$C$39,$A25)+SUMIFS('Dubois, Joe'!G$4:G$70,'Dubois, Joe'!$C$4:$C$70,$A25)+SUMIFS('Gould, Kyle'!G$4:G$53,'Gould, Kyle'!$C$4:$C$53,$A25)+SUMIFS('Jamer, Douglas'!G$4:G$33,'Jamer, Douglas'!$C$4:$C$33,$A25)+SUMIFS('Kennedy, Michael'!G$4:G$87,'Kennedy, Michael'!$C$4:$C$87,$A25)+SUMIFS('Kennedy, Vince'!G$4:G$29,'Kennedy, Vince'!$C$4:$C$29,$A25)+SUMIFS('Morningstar, Jeremy J'!G$4:G$50,'Morningstar, Jeremy J'!$C$4:$C$50,$A25)+SUMIFS('Pendlebury, Jay'!G$4:G$31,'Pendlebury, Jay'!$C$4:$C$31,$A25)+SUMIFS('Poore, Jordan'!G$4:G$32,'Poore, Jordan'!$C$4:$C$32,$A25)+SUMIFS('Powers, Dave'!G$4:G$58,'Powers, Dave'!$C$4:$C$58,$A25) -> 0 | D25: =SUMIFS('Barrett, Ken'!H$4:H$31,'Barrett, Ken'!$C$4:$C$31,$A25)+SUMIFS('Brundage, Eric'!H$4:H$39,'Brundage, Eric'!$C$4:$C$39,$A25)+SUMIFS('Dubois, Joe'!H$4:H$70,'Dubois, Joe'!$C$4:$C$70,$A25)+SUMIFS('Gould, Kyle'!H$4:H$53,'Gould, Kyle'!$C$4:$C$53,$A25)+SUMIFS('Jamer, Douglas'!H$4:H$33,'Jamer, Douglas'!$C$4:$C$33,$A25)+SUMIFS('Kennedy, Michael'!H$4:H$87,'Kennedy, Michael'!$C$4:$C$87,$A25)+SUMIFS('Kennedy, Vince'!H$4:H$29,'Kennedy, Vince'!$C$4:$C$29,$A25)+SUMIFS('Morningstar, Jeremy J'!H$4:H$50,'Morningstar, Jeremy J'!$C$4:$C$50,$A25)+SUMIFS('Pendlebury, Jay'!H$4:H$31,'Pendlebury, Jay'!$C$4:$C$31,$A25)+SUMIFS('Poore, Jordan'!H$4:H$32,'Poore, Jordan'!$C$4:$C$32,$A25)+SUMIFS('Powers, Dave'!H$4:H$58,'Powers, Dave'!$C$4:$C$58,$A25) -> 0 | E25: =SUMIFS('Barrett, Ken'!I$4:I$31,'Barrett, Ken'!$C$4:$C$31,$A25)+SUMIFS('Brundage, Eric'!I$4:I$39,'Brundage, Eric'!$C$4:$C$39,$A25)+SUMIFS('Dubois, Joe'!I$4:I$70,'Dubois, Joe'!$C$4:$C$70,$A25)+SUMIFS('Gould, Kyle'!I$4:I$53,'Gould, Kyle'!$C$4:$C$53,$A25)+SUMIFS('Jamer, Douglas'!I$4:I$33,'Jamer, Douglas'!$C$4:$C$33,$A25)+SUMIFS('Kennedy, Michael'!I$4:I$87,'Kennedy, Michael'!$C$4:$C$87,$A25)+SUMIFS('Kennedy, Vince'!I$4:I$29,'Kennedy, Vince'!$C$4:$C$29,$A25)+SUMIFS('Morningstar, Jeremy J'!I$4:I$50,'Morningstar, Jeremy J'!$C$4:$C$50,$A25)+SUMIFS('Pendlebury, Jay'!I$4:I$31,'Pendlebury, Jay'!$C$4:$C$31,$A25)+SUMIFS('Poore, Jordan'!I$4:I$32,'Poore, Jordan'!$C$4:$C$32,$A25)+SUMIFS('Powers, Dave'!I$4:I$58,'Powers, Dave'!$C$4:$C$58,$A25) -> 0 | F25: =SUMIFS('Barrett, Ken'!J$4:J$31,'Barrett, Ken'!$C$4:$C$31,$A25)+SUMIFS('Brundage, Eric'!J$4:J$39,'Brundage, Eric'!$C$4:$C$39,$A25)+SUMIFS('Dubois, Joe'!J$4:J$70,'Dubois, Joe'!$C$4:$C$70,$A25)+SUMIFS('Gould, Kyle'!J$4:J$53,'Gould, Kyle'!$C$4:$C$53,$A25)+SUMIFS('Jamer, Douglas'!J$4:J$33,'Jamer, Douglas'!$C$4:$C$33,$A25)+SUMIFS('Kennedy, Michael'!J$4:J$87,'Kennedy, Michael'!$C$4:$C$87,$A25)+SUMIFS('Kennedy, Vince'!J$4:J$29,'Kennedy, Vince'!$C$4:$C$29,$A25)+SUMIFS('Morningstar, Jeremy J'!J$4:J$50,'Morningstar, Jeremy J'!$C$4:$C$50,$A25)+SUMIFS('Pendlebury, Jay'!J$4:J$31,'Pendlebury, Jay'!$C$4:$C$31,$A25)+SUMIFS('Poore, Jordan'!J$4:J$32,'Poore, Jordan'!$C$4:$C$32,$A25)+SUMIFS('Powers, Dave'!J$4:J$58,'Powers, Dave'!$C$4:$C$58,$A25) -> 0 | G25: =SUMIFS('Barrett, Ken'!K$4:K$31,'Barrett, Ken'!$C$4:$C$31,$A25)+SUMIFS('Brundage, Eric'!K$4:K$39,'Brundage, Eric'!$C$4:$C$39,$A25)+SUMIFS('Dubois, Joe'!K$4:K$70,'Dubois, Joe'!$C$4:$C$70,$A25)+SUMIFS('Gould, Kyle'!K$4:K$53,'Gould, Kyle'!$C$4:$C$53,$A25)+SUMIFS('Jamer, Douglas'!K$4:K$33,'Jamer, Douglas'!$C$4:$C$33,$A25)+SUMIFS('Kennedy, Michael'!K$4:K$87,'Kennedy, Michael'!$C$4:$C$87,$A25)+SUMIFS('Kennedy, Vince'!K$4:K$29,'Kennedy, Vince'!$C$4:$C$29,$A25)+SUMIFS('Morningstar, Jeremy J'!K$4:K$50,'Morningstar, Jeremy J'!$C$4:$C$50,$A25)+SUMIFS('Pendlebury, Jay'!K$4:K$31,'Pendlebury, Jay'!$C$4:$C$31,$A25)+SUMIFS('Poore, Jordan'!K$4:K$32,'Poore, Jordan'!$C$4:$C$32,$A25)+SUMIFS('Powers, Dave'!K$4:K$58,'Powers, Dave'!$C$4:$C$58,$A25) -> 0 | H25: =SUMIFS('Barrett, Ken'!L$4:L$31,'Barrett, Ken'!$C$4:$C$31,$A25)+SUMIFS('Brundage, Eric'!L$4:L$39,'Brundage, Eric'!$C$4:$C$39,$A25)+SUMIFS('Dubois, Joe'!L$4:L$70,'Dubois, Joe'!$C$4:$C$70,$A25)+SUMIFS('Gould, Kyle'!L$4:L$53,'Gould, Kyle'!$C$4:$C$53,$A25)+SUMIFS('Jamer, Douglas'!L$4:L$33,'Jamer, Douglas'!$C$4:$C$33,$A25)+SUMIFS('Kennedy, Michael'!L$4:L$87,'Kennedy, Michael'!$C$4:$C$87,$A25)+SUMIFS('Kennedy, Vince'!L$4:L$29,'Kennedy, Vince'!$C$4:$C$29,$A25)+SUMIFS('Morningstar, Jeremy J'!L$4:L$50,'Morningstar, Jeremy J'!$C$4:$C$50,$A25)+SUMIFS('Pendlebury, Jay'!L$4:L$31,'Pendlebury, Jay'!$C$4:$C$31,$A25)+SUMIFS('Poore, Jordan'!L$4:L$32,'Poore, Jordan'!$C$4:$C$32,$A25)+SUMIFS('Powers, Dave'!L$4:L$58,'Powers, Dave'!$C$4:$C$58,$A25) -> 0 | I25: =SUMIFS('Barrett, Ken'!M$4:M$31,'Barrett, Ken'!$C$4:$C$31,$A25)+SUMIFS('Brundage, Eric'!M$4:M$39,'Brundage, Eric'!$C$4:$C$39,$A25)+SUMIFS('Dubois, Joe'!M$4:M$70,'Dubois, Joe'!$C$4:$C$70,$A25)+SUMIFS('Gould, Kyle'!M$4:M$53,'Gould, Kyle'!$C$4:$C$53,$A25)+SUMIFS('Jamer, Douglas'!M$4:M$33,'Jamer, Douglas'!$C$4:$C$33,$A25)+SUMIFS('Kennedy, Michael'!M$4:M$87,'Kennedy, Michael'!$C$4:$C$87,$A25)+SUMIFS('Kennedy, Vince'!M$4:M$29,'Kennedy, Vince'!$C$4:$C$29,$A25)+SUMIFS('Morningstar, Jeremy J'!M$4:M$50,'Morningstar, Jeremy J'!$C$4:$C$50,$A25)+SUMIFS('Pendlebury, Jay'!M$4:M$31,'Pendlebury, Jay'!$C$4:$C$31,$A25)+SUMIFS('Poore, Jordan'!M$4:M$32,'Poore, Jordan'!$C$4:$C$32,$A25)+SUMIFS('Powers, Dave'!M$4:M$58,'Powers, Dave'!$C$4:$C$58,$A25) -> 0 | ... S25: =SUMIFS('Barrett, Ken'!W$4:W$31,'Barrett, Ken'!$C$4:$C$31,$A25)+SUMIFS('Brundage, Eric'!W$4:W$39,'Brundage, Eric'!$C$4:$C$39,$A25)+SUMIFS('Dubois, Joe'!W$4:W$70,'Dubois, Joe'!$C$4:$C$70,$A25)+SUMIFS('Gould, Kyle'!W$4:W$53,'Gould, Kyle'!$C$4:$C$53,$A25)+SUMIFS('Jamer, Douglas'!W$4:W$33,'Jamer, Douglas'!$C$4:$C$33,$A25)+SUMIFS('Kennedy, Michael'!W$4:W$87,'Kennedy, Michael'!$C$4:$C$87,$A25)+SUMIFS('Kennedy, Vince'!W$4:W$29,'Kennedy, Vince'!$C$4:$C$29,$A25)+SUMIFS('Morningstar, Jeremy J'!W$4:W$50,'Morningstar, Jeremy J'!$C$4:$C$50,$A25)+SUMIFS('Pendlebury, Jay'!W$4:W$31,'Pendlebury, Jay'!$C$4:$C$31,$A25)+SUMIFS('Poore, Jordan'!W$4:W$32,'Poore, Jordan'!$C$4:$C$32,$A25)+SUMIFS('Powers, Dave'!W$4:W$58,'Powers, Dave'!$C$4:$C$58,$A25) -> 0 | T25: =SUM(B25:S25) -> 0
A26: TOTAL FTE | B26: =SUM(B4:B25) -> 0 | C26: =SUM(C4:C25) -> 0 | D26: =SUM(D4:D25) -> 0 | E26: =SUM(E4:E25) -> 0 | F26: =SUM(F4:F25) -> 0 | G26: =SUM(G4:G25) -> 0 | H26: =SUM(H4:H25) -> 0 | I26: =SUM(I4:I25) -> 0 | ... S26: =SUM(S4:S25) -> 0 | T26: =SUM(B26:S26) -> 0

Sheet Barrett, Ken
A1: RESOURCE LOADING — Barrett, Ken
A2: Enter FTE in the yellow cells. Leave Job # blank on the bottom rows to plan at client level.
A3: Job # | B3: Description | C3: Client | D3: Contract | E3: Trade | F3: 46270 | G3: 46277 | H3: 46284 | I3: 46291 | J3: 46298 | K3: 46305 | L3: 46312 | M3: 46319 | N3: 46326 | O3: 46333 | P3: 46340 | Q3: 46347 | R3: 46354 | S3: 46361 | T3: 46368 | U3: 46375 | V3: 46382 | W3: 46389 | X3: Total
A4: 04-26-001 | B4: AECON - CEPPS Modularization | C4: Aecon Industrial | D4: T&M | X4: =SUM(F4:W4) -> 0
A5: 04-26-002 | B5: AECON - TBM Pipe Basket - Darlington SMR | C5: Aecon Industrial | D5: T&M | X5: =SUM(F5:W5) -> 0
A6: 01-26-099 | B6: Nova - C9200 LEAK | C6: Nova Chemicals Corporation | D6: FP | X6: =SUM(F6:W6) -> 0
X7: =SUM(F7:W7) -> 0
X8: =SUM(F8:W8) -> 0
X9: =SUM(F9:W9) -> 0
X10: =SUM(F10:W10) -> 0
X11: =SUM(F11:W11) -> 0
X12: =SUM(F12:W12) -> 0
X13: =SUM(F13:W13) -> 0
X14: =SUM(F14:W14) -> 0
X15: =SUM(F15:W15) -> 0
X16: =SUM(F16:W16) -> 0
X17: =SUM(F17:W17) -> 0
X18: =SUM(F18:W18) -> 0
... X31: =SUM(F31:W31) -> 0
A33: TOTAL FTE | F33: =SUM(F$4:F$31) -> 0 | G33: =SUM(G$4:G$31) -> 0 | H33: =SUM(H$4:H$31) -> 0 | I33: =SUM(I$4:I$31) -> 0 | J33: =SUM(J$4:J$31) -> 0 | K33: =SUM(K$4:K$31) -> 0 | L33: =SUM(L$4:L$31) -> 0 | M33: =SUM(M$4:M$31) -> 0 | ... W33: =SUM(W$4:W$31) -> 0 | X33: =SUM(F33:W33) -> 0

Sheet Brundage, Eric
A1: RESOURCE LOADING — Brundage, Eric
A2: Enter FTE in the yellow cells. Leave Job # blank on the bottom rows to plan at client level.
A3: Job # | B3: Description | C3: Client | D3: Contract | E3: Trade | F3: 46270 | G3: 46277 | H3: 46284 | I3: 46291 | J3: 46298 | K3: 46305 | L3: 46312 | M3: 46319 | N3: 46326 | O3: 46333 | P3: 46340 | Q3: 46347 | R3: 46354 | S3: 46361 | T3: 46368 | U3: 46375 | V3: 46382 | W3: 46389 | X3: Total
A4: 01-26-097 | B4: Boiler 128 Ductwork Baffles | C4: Nova Chemicals Corporation | D4: T&M | X4: =SUM(F4:W4) -> 0
A5: 01-26-045 | B5: Nova Corunna - 28950 – Piping Demolition | C5: Nova Chemicals Corporation | D5: T&M | X5: =SUM(F5:W5) -> 0
A6: 01-26-020 | B6: Nova Corunna - Heater BA-2107 TLEs & Coils | C6: Nova Chemicals Corporation | D6: T&M | X6: =SUM(F6:W6) -> 0
A7: 01-26-149 | B7: Nova Corunna - Quench Header EPC | C7: Nova Chemicals Corporation | D7: T&M | X7: =SUM(F7:W7) -> 0
A8: 01-26-152 | B8: Nova Corunna - Wolverine - 29307 - Heater Tie-Ins | C8: Nova Chemicals Corporation | D8: T&M | X8: =SUM(F8:W8) -> 0
A9: 01-26-182 | B9: Nova Moore - FCM Y-527 and Piping Replacement | C9: Nova Chemicals Corporation | D9: T&M | X9: =SUM(F9:W9) -> 0
A10: 01-24-334 | B10: NOVA Moore - MENox Compliance | C10: Nova Chemicals Corporation | D10: FP | X10: =SUM(F10:W10) -> 0
A11: 01-26-144 | B11: Suncor Ethanol - #300664881 - 2026 Annual - Ethanol Plant Call in Supp | C11: Suncor Energy Inc | D11: T&M | X11: =SUM(F11:W11) -> 0
A12: 01-26-100 | B12: Suncor Ethanol - CIP Light Phase Piping | C12: Suncor Energy Inc | D12: T&M | X12: =SUM(F12:W12) -> 0
A13: 01-26-009 | B13: TransAlta - Superheater Drains | C13: TransAlta (SC) LP | D13: T&M | X13: =SUM(F13:W13) -> 0
A14: 01-26-092 | B14: TransAlta - TAN 420 Steam Tie-Ins | C14: TransAlta (SC) LP | D14: T&M | X14: =SUM(F14:W14) -> 0
X15: =SUM(F15:W15) -> 0
X16: =SUM(F16:W16) -> 0
X17: =SUM(F17:W17) -> 0
X18: =SUM(F18:W18) -> 0
X19: =SUM(F19:W19) -> 0
X20: =SUM(F20:W20) -> 0
X21: =SUM(F21:W21) -> 0
X22: =SUM(F22:W22) -> 0
X23: =SUM(F23:W23) -> 0
X24: =SUM(F24:W24) -> 0
X25: =SUM(F25:W25) -> 0
X26: =SUM(F26:W26) -> 0
... X39: =SUM(F39:W39) -> 0
A41: TOTAL FTE | F41: =SUM(F$4:F$39) -> 0 | G41: =SUM(G$4:G$39) -> 0 | H41: =SUM(H$4:H$39) -> 0 | I41: =SUM(I$4:I$39) -> 0 | J41: =SUM(J$4:J$39) -> 0 | K41: =SUM(K$4:K$39) -> 0 | L41: =SUM(L$4:L$39) -> 0 | M41: =SUM(M$4:M$39) -> 0 | ... W41: =SUM(W$4:W$39) -> 0 | X41: =SUM(F41:W41) -> 0

Sheet Dubois, Joe
A1: RESOURCE LOADING — Dubois, Joe
A2: Enter FTE in the yellow cells. Leave Job # blank on the bottom rows to plan at client level.
A3: Job # | B3: Description | C3: Client | D3: Contract | E3: Trade | F3: 46270 | G3: 46277 | H3: 46284 | I3: 46291 | J3: 46298 | K3: 46305 | L3: 46312 | M3: 46319 | N3: 46326 | O3: 46333 | P3: 46340 | Q3: 46347 | R3: 46354 | S3: 46361 | T3: 46368 | U3: 46375 | V3: 46382 | W3: 46389 | X3: Total
A4: 01-26-121 | B4: GoodFellow - Install & Fab Support at Pembina(A6012.01-8B-00224&00223) | C4: Goodfellow Construction (1993) Ltd. | D4: FP | X4: =SUM(F4:W4) -> 0
A5: 01-26-111 | B5: Shell - 26FCCUPS - OPEX - DFL | C5: Shell Canada Products | D5: T&M | X5: =SUM(F5:W5) -> 0
A6: 01-26-112 | B6: Shell - 26FCCUPS - OPEX - Overheads | C6: Shell Canada Products | D6: T&M | X6: =SUM(F6:W6) -> 0
A7: 01-26-166 | B7: Shell - WO#85445251 New Replacement ATI-31 MOC-95468 - OVERHEADS | C7: Shell Canada Products | D7: T&M | X7: =SUM(F7:W7) -> 0
A8: 01-26-080 | B8: Shell - 2026 NRM-Crude 2 exchangers- Wolverine | C8: Shell Canada Products | D8: T&M | X8: =SUM(F8:W8) -> 0
A9: 01-26-079 | B9: Shell - 26 NRM CUI CWP-47A FCCU-CE101R Capex- Wo | C9: Shell Canada Products | D9: T&M | X9: =SUM(F9:W9) -> 0
A10: 01-26-138 | B10: Shell - 26CR3SPS- Mechanical - OPEX - DFL | C10: Shell Canada Products | D10: T&M | X10: =SUM(F10:W10) -> 0
A11: 01-26-156 | B11: Shell - 26FCCUPS - Replace CF - 222 drain piping | C11: Shell Canada Products | D11: FP | X11: =SUM(F11:W11) -> 0
A12: 01-26-010 | B12: Shell - 26NRM-CC-309R-bundle repair - DFL | C12: Shell Canada Products | D12: T&M | X12: =SUM(F12:W12) -> 0
A13: 01-26-197 | B13: Shell - 5103-Piping-CPK | C13: Shell Canada Products | D13: T&M | X13: =SUM(F13:W13) -> 0
A14: 01-26-188 | B14: Shell - 5116-PROJ-LITTLE DIPPER SUPPORT | C14: Shell Canada Products | D14: T&M | X14: =SUM(F14:W14) -> 0
A15: 01-26-170 | B15: Shell - 5148 Flare Gas SO2 Minimization – Phase 2 | C15: Shell Canada Products | D15: T&M | X15: =SUM(F15:W15) -> 0
... A45: 01-26-040 | B45: Shell - WO#85557874CAIR-89773-Brine line replacement | C45: Shell Canada Products | D45: T&M | X45: =SUM(F45:W45) -> 0
X46: =SUM(F46:W46) -> 0
X47: =SUM(F47:W47) -> 0
X48: =SUM(F48:W48) -> 0
X49: =SUM(F49:W49) -> 0
X50: =SUM(F50:W50) -> 0
X51: =SUM(F51:W51) -> 0
X52: =SUM(F52:W52) -> 0
X53: =SUM(F53:W53) -> 0
X54: =SUM(F54:W54) -> 0
X55: =SUM(F55:W55) -> 0
X56: =SUM(F56:W56) -> 0
X57: =SUM(F57:W57) -> 0
... X70: =SUM(F70:W70) -> 0
A72: TOTAL FTE | F72: =SUM(F$4:F$70) -> 0 | G72: =SUM(G$4:G$70) -> 0 | H72: =SUM(H$4:H$70) -> 0 | I72: =SUM(I$4:I$70) -> 0 | J72: =SUM(J$4:J$70) -> 0 | K72: =SUM(K$4:K$70) -> 0 | L72: =SUM(L$4:L$70) -> 0 | M72: =SUM(M$4:M$70) -> 0 | ... W72: =SUM(W$4:W$70) -> 0 | X72: =SUM(F72:W72) -> 0

Sheet Gould, Kyle
A1: RESOURCE LOADING — Gould, Kyle
A2: Enter FTE in the yellow cells. Leave Job # blank on the bottom rows to plan at client level.
A3: Job # | B3: Description | C3: Client | D3: Contract | E3: Trade | F3: 46270 | G3: 46277 | H3: 46284 | I3: 46291 | J3: 46298 | K3: 46305 | L3: 46312 | M3: 46319 | N3: 46326 | O3: 46333 | P3: 46340 | Q3: 46347 | R3: 46354 | S3: 46361 | T3: 46368 | U3: 46375 | V3: 46382 | W3: 46389 | X3: Total
A4: 01-26-053 | B4: Shell - #WO85573750 25-NRM-Crude 2 Permanent Decon | C4: Shell Canada Products | D4: T&M | X4: =SUM(F4:W4) -> 0
A5: 01-26-082 | B5: Shell - 2026 - PEIM - Structural Inspection- Wol | C5: Shell Canada Products | D5: T&M | X5: =SUM(F5:W5) -> 0
A6: 01-26-085 | B6: Shell - 2026 - PEIM API 510 & API 570 Mitigation | C6: Shell Canada Products | D6: T&M | X6: =SUM(F6:W6) -> 0
A7: 01-26-086 | B7: Shell - 2026 Wolverine Planning Support | C7: Shell Canada Products | D7: T&M | X7: =SUM(F7:W7) -> 0
A8: 01-26-084 | B8: Shell - 2026-NRM-Pit Stop OHd's - Wolverine - Wo | C8: Shell Canada Products | D8: T&M | X8: =SUM(F8:W8) -> 0
A9: 01-26-136 | B9: Shell - 26CR3SPS - Mechanical - OPEX - Overheads | C9: Shell Canada Products | D9: T&M | X9: =SUM(F9:W9) -> 0
A10: 01-26-146 | B10: Shell - 26GHTPS - OPEX - DFL | C10: Shell Canada Products | D10: T&M | X10: =SUM(F10:W10) -> 0
A11: 01-26-145 | B11: Shell - 26GHTPS - OPEX - Overheads | C11: Shell Canada Products | D11: T&M | X11: =SUM(F11:W11) -> 0
A12: 01-26-147 | B12: Shell - 26UDXPS - OPEX - DFL | C12: Shell Canada Products | D12: T&M | X12: =SUM(F12:W12) -> 0
A13: 01-26-148 | B13: Shell - 26UDXPS - OPEX - Overheads | C13: Shell Canada Products | D13: T&M | X13: =SUM(F13:W13) -> 0
A14: 01-26-143 | B14: Shell - 3" #1500 Orbit Valve | C14: Shell Canada Products | D14: T&M | X14: =SUM(F14:W14) -> 0
A15: 01-26-106 | B15: Shell - 85406372 KF-7 - Full Internal Inspection – NRM-KF7 - OVERHEADS | C15: Shell Canada Products | D15: T&M | X15: =SUM(F15:W15) -> 0
... A28: 01-26-181 | B28: Shell - Wolverine onboarding | C28: Shell Canada Products | D28: T&M | X28: =SUM(F28:W28) -> 0
X29: =SUM(F29:W29) -> 0
X30: =SUM(F30:W30) -> 0
X31: =SUM(F31:W31) -> 0
X32: =SUM(F32:W32) -> 0
X33: =SUM(F33:W33) -> 0
X34: =SUM(F34:W34) -> 0
X35: =SUM(F35:W35) -> 0
X36: =SUM(F36:W36) -> 0
X37: =SUM(F37:W37) -> 0
X38: =SUM(F38:W38) -> 0
X39: =SUM(F39:W39) -> 0
X40: =SUM(F40:W40) -> 0
... X53: =SUM(F53:W53) -> 0
A55: TOTAL FTE | F55: =SUM(F$4:F$53) -> 0 | G55: =SUM(G$4:G$53) -> 0 | H55: =SUM(H$4:H$53) -> 0 | I55: =SUM(I$4:I$53) -> 0 | J55: =SUM(J$4:J$53) -> 0 | K55: =SUM(K$4:K$53) -> 0 | L55: =SUM(L$4:L$53) -> 0 | M55: =SUM(M$4:M$53) -> 0 | ... W55: =SUM(W$4:W$53) -> 0 | X55: =SUM(F55:W55) -> 0

Sheet Jamer, Douglas
A1: RESOURCE LOADING — Jamer, Douglas
A2: Enter FTE in the yellow cells. Leave Job # blank on the bottom rows to plan at client level.
A3: Job # | B3: Description | C3: Client | D3: Contract | E3: Trade | F3: 46270 | G3: 46277 | H3: 46284 | I3: 46291 | J3: 46298 | K3: 46305 | L3: 46312 | M3: 46319 | N3: 46326 | O3: 46333 | P3: 46340 | Q3: 46347 | R3: 46354 | S3: 46361 | T3: 46368 | U3: 46375 | V3: 46382 | W3: 46389 | X3: Total
A4: 01-25-169 | B4: CF - 2026TA - Pre-TA | C4: CF Industries | D4: T&M | X4: =SUM(F4:W4) -> 0
A5: 01-25-177 | B5: CF - Grade B engineering and installation - Boiler B-103 and Heater B- | C5: CF Industries | D5: T&M | X5: =SUM(F5:W5) -> 0
A6: 01-26-038 | B6: CF - Planning Support (01-25-217) - Ray Klassen | C6: CF Industries | D6: T&M | X6: =SUM(F6:W6) -> 0
A7: 01-26-037 | B7: CF - Project Controls Prior to TA | C7: CF Industries | D7: T&M | X7: =SUM(F7:W7) -> 0
A8: 01-26-193 | B8: CF - Wolverine Admin TA Support | C8: CF Industries | D8: T&M | X8: =SUM(F8:W8) -> 0
X9: =SUM(F9:W9) -> 0
X10: =SUM(F10:W10) -> 0
X11: =SUM(F11:W11) -> 0
X12: =SUM(F12:W12) -> 0
X13: =SUM(F13:W13) -> 0
X14: =SUM(F14:W14) -> 0
X15: =SUM(F15:W15) -> 0
X16: =SUM(F16:W16) -> 0
X17: =SUM(F17:W17) -> 0
X18: =SUM(F18:W18) -> 0
X19: =SUM(F19:W19) -> 0
X20: =SUM(F20:W20) -> 0
... X33: =SUM(F33:W33) -> 0
A35: TOTAL FTE | F35: =SUM(F$4:F$33) -> 0 | G35: =SUM(G$4:G$33) -> 0 | H35: =SUM(H$4:H$33) -> 0 | I35: =SUM(I$4:I$33) -> 0 | J35: =SUM(J$4:J$33) -> 0 | K35: =SUM(K$4:K$33) -> 0 | L35: =SUM(L$4:L$33) -> 0 | M35: =SUM(M$4:M$33) -> 0 | ... W35: =SUM(W$4:W$33) -> 0 | X35: =SUM(F35:W35) -> 0

Sheet Kennedy, Michael
A1: RESOURCE LOADING — Kennedy, Michael
A2: Enter FTE in the yellow cells. Leave Job # blank on the bottom rows to plan at client level.
A3: Job # | B3: Description | C3: Client | D3: Contract | E3: Trade | F3: 46270 | G3: 46277 | H3: 46284 | I3: 46291 | J3: 46298 | K3: 46305 | L3: 46312 | M3: 46319 | N3: 46326 | O3: 46333 | P3: 46340 | Q3: 46347 | R3: 46354 | S3: 46361 | T3: 46368 | U3: 46375 | V3: 46382 | W3: 46389 | X3: Total
A4: 01-26-807 | B4: CA - TA-UR-PP-010 4LT4010 Replace Drain Valve - 60011864 | C4: CF Industries | D4: T&M | X4: =SUM(F4:W4) -> 0
A5: 01-26-808 | B5: CA - TA-UR-PP-020 4LV4421 LPD Steam Valve - 60043519 | C5: CF Industries | D5: T&M | X5: =SUM(F5:W5) -> 0
A6: 01-26-809 | B6: CA - TA-UR-PP-021 4LV4441 Steam Out Valve - 60043540 | C6: CF Industries | D6: T&M | X6: =SUM(F6:W6) -> 0
A7: 01-26-810 | B7: CA - TA-UR-PP-022 Bar15 Steam Leak S3F3 - 60043542 | C7: CF Industries | D7: T&M | X7: =SUM(F7:W7) -> 0
A8: 01-26-500 | B8: CF - TA - A2 C110 Blowdown Line - 3 Work Orders Combined | C8: CF Industries | D8: T&M | X8: =SUM(F8:W8) -> 0
A9: 01-26-503 | B9: CF - TA-A2-PP-003 L301B RIK Corroded Nipple - 40012011 | C9: CF Industries | D9: T&M | X9: =SUM(F9:W9) -> 0
A10: 01-26-502 | B10: CF - TA-A2-PP-004 C405B RIK Corroded Pipe - 40012593 | C10: CF Industries | D10: T&M | X10: =SUM(F10:W10) -> 0
A11: 01-26-504 | B11: CF - TA-A2-PP-005 PSV2901 RIK Corroded Pipe - 40012609 | C11: CF Industries | D11: T&M | X11: =SUM(F11:W11) -> 0
A12: 01-26-505 | B12: CF - TA-A2-PP-006 RIK SW Pipe in Rack at D301- 40012654 | C12: CF Industries | D12: T&M | X12: =SUM(F12:W12) -> 0
A13: 01-26-515 | B13: CF - TA-A2-PP-007 LT5347 F501 RIK Corroded Nipple - 40012731 | C13: CF Industries | D13: T&M | X13: =SUM(F13:W13) -> 0
A14: 01-26-506 | B14: CF - TA-A2-PP-008 8PV1752 RIK Upstream BW Valve - 60009389 | C14: CF Industries | D14: T&M | X14: =SUM(F14:W14) -> 0
A15: 01-26-516 | B15: CF - TA-A2-PP-018 F401 Replace VLVs to F501 - 60009798 | C15: CF Industries | D15: T&M | X15: =SUM(F15:W15) -> 0
... A62: 01-26-094 | B62: TKO - Kingston Line Stop Support | C62: TKO Industrial Services Corporation | D62: T&M | X62: =SUM(F62:W62) -> 0
X63: =SUM(F63:W63) -> 0
X64: =SUM(F64:W64) -> 0
X65: =SUM(F65:W65) -> 0
X66: =SUM(F66:W66) -> 0
X67: =SUM(F67:W67) -> 0
X68: =SUM(F68:W68) -> 0
X69: =SUM(F69:W69) -> 0
X70: =SUM(F70:W70) -> 0
X71: =SUM(F71:W71) -> 0
X72: =SUM(F72:W72) -> 0
X73: =SUM(F73:W73) -> 0
X74: =SUM(F74:W74) -> 0
... X87: =SUM(F87:W87) -> 0
A89: TOTAL FTE | F89: =SUM(F$4:F$87) -> 0 | G89: =SUM(G$4:G$87) -> 0 | H89: =SUM(H$4:H$87) -> 0 | I89: =SUM(I$4:I$87) -> 0 | J89: =SUM(J$4:J$87) -> 0 | K89: =SUM(K$4:K$87) -> 0 | L89: =SUM(L$4:L$87) -> 0 | M89: =SUM(M$4:M$87) -> 0 | ... W89: =SUM(W$4:W$87) -> 0 | X89: =SUM(F89:W89) -> 0

Sheet Kennedy, Vince
A1: RESOURCE LOADING — Kennedy, Vince
A2: Enter FTE in the yellow cells. Leave Job # blank on the bottom rows to plan at client level.
A3: Job # | B3: Description | C3: Client | D3: Contract | E3: Trade | F3: 46270 | G3: 46277 | H3: 46284 | I3: 46291 | J3: 46298 | K3: 46305 | L3: 46312 | M3: 46319 | N3: 46326 | O3: 46333 | P3: 46340 | Q3: 46347 | R3: 46354 | S3: 46361 | T3: 46368 | U3: 46375 | V3: 46382 | W3: 46389 | X3: Total
A4: 01-26-189 | B4: IOL - Install new gelcoat on six existing Biox Clarifier floats | C4: Imperial Oil | D4: T&M | X4: =SUM(F4:W4) -> 0
X5: =SUM(F5:W5) -> 0
X6: =SUM(F6:W6) -> 0
X7: =SUM(F7:W7) -> 0
X8: =SUM(F8:W8) -> 0
X9: =SUM(F9:W9) -> 0
X10: =SUM(F10:W10) -> 0
X11: =SUM(F11:W11) -> 0
X12: =SUM(F12:W12) -> 0
X13: =SUM(F13:W13) -> 0
X14: =SUM(F14:W14) -> 0
X15: =SUM(F15:W15) -> 0
X16: =SUM(F16:W16) -> 0
... X29: =SUM(F29:W29) -> 0
A31: TOTAL FTE | F31: =SUM(F$4:F$29) -> 0 | G31: =SUM(G$4:G$29) -> 0 | H31: =SUM(H$4:H$29) -> 0 | I31: =SUM(I$4:I$29) -> 0 | J31: =SUM(J$4:J$29) -> 0 | K31: =SUM(K$4:K$29) -> 0 | L31: =SUM(L$4:L$29) -> 0 | M31: =SUM(M$4:M$29) -> 0 | ... W31: =SUM(W$4:W$29) -> 0 | X31: =SUM(F31:W31) -> 0

Sheet Morningstar, Jeremy J
A1: RESOURCE LOADING — Morningstar, Jeremy J
A2: Enter FTE in the yellow cells. Leave Job # blank on the bottom rows to plan at client level.
A3: Job # | B3: Description | C3: Client | D3: Contract | E3: Trade | F3: 46270 | G3: 46277 | H3: 46284 | I3: 46291 | J3: 46298 | K3: 46305 | L3: 46312 | M3: 46319 | N3: 46326 | O3: 46333 | P3: 46340 | Q3: 46347 | R3: 46354 | S3: 46361 | T3: 46368 | U3: 46375 | V3: 46382 | W3: 46389 | X3: Total
A4: 02-26-011 | B4: Arlanxeo - ESR-2025-0170 – Remove V3 at SWPH | C4: Wolverine Engineering Ltd. | D4: FP | X4: =SUM(F4:W4) -> 0
A5: 02-25-031 | B5: ITS - Tank 865 Berm Assessment | C5: Interface Testing Services Inc | D5: FP | X5: =SUM(F5:W5) -> 0
A6: 02-26-008 | B6: Nova Rokeby - laser scanning - Rokeby Site | C6: Nova Chemicals Corporation | D6: FP | X6: =SUM(F6:W6) -> 0
A7: 02-25-004 | B7: Suncor - Safety Incident Scanning (1000:0010600132) | C7: Suncor Energy Inc | D7: T&M | X7: =SUM(F7:W7) -> 0
A8: 02-26-016 | B8: Suncor - Tank High Level Verification – Fixed Roof Tanks | C8: Suncor Energy Inc | D8: FP | X8: =SUM(F8:W8) -> 0
A9: 02-26-019 | B9: VIP - Warehouse Buildings | C9: VIP Rail | D9: FP | X9: =SUM(F9:W9) -> 0
A10: 02-26-025 | B10: W-ENG - MOC 94232 CR2 - KC-4-EX - Detailed Engineering | C10: Wolverine Engineering Ltd. | D10: FP | X10: =SUM(F10:W10) -> 0
A11: 02-26-024 | B11: W-ENG - MOC 95449 CR2 - 2Crude- KCC15 - Detailed Engineering | C11: Wolverine Engineering Ltd. | D11: FP | X11: =SUM(F11:W11) -> 0
A12: 02-26-023 | B12: W-ENG - MOC 95479 GHT - NPV321 - Detailed Engineering | C12: Wolverine Engineering Ltd. | D12: FP | X12: =SUM(F12:W12) -> 0
A13: 02-26-022 | B13: W-ENG - MOC 95881 CR2 - KB-1-C-FUR - Detailed Engineering | C13: Wolverine Engineering Ltd. | D13: FP | X13: =SUM(F13:W13) -> 0
A14: 02-26-021 | B14: W-ENG - MOC 96026 CR2 - 2Crude-KCC17 - Detailed Engineering | C14: Wolverine Engineering Ltd. | D14: FP | X14: =SUM(F14:W14) -> 0
A15: 02-26-020 | B15: W-ENG - MOC 96028 CR2 - KC-20A-EX - Detailed Engineering | C15: Wolverine Engineering Ltd. | D15: FP | X15: =SUM(F15:W15) -> 0
... A25: 02-26-033 | B25: WLV-ENG - FCM ROTA SAT Ext TW Manifold Isolation Valve | C25: Wolverine Engineering Ltd. | D25: FP | X25: =SUM(F25:W25) -> 0
X26: =SUM(F26:W26) -> 0
X27: =SUM(F27:W27) -> 0
X28: =SUM(F28:W28) -> 0
X29: =SUM(F29:W29) -> 0
X30: =SUM(F30:W30) -> 0
X31: =SUM(F31:W31) -> 0
X32: =SUM(F32:W32) -> 0
X33: =SUM(F33:W33) -> 0
X34: =SUM(F34:W34) -> 0
X35: =SUM(F35:W35) -> 0
X36: =SUM(F36:W36) -> 0
X37: =SUM(F37:W37) -> 0
... X50: =SUM(F50:W50) -> 0
A52: TOTAL FTE | F52: =SUM(F$4:F$50) -> 0 | G52: =SUM(G$4:G$50) -> 0 | H52: =SUM(H$4:H$50) -> 0 | I52: =SUM(I$4:I$50) -> 0 | J52: =SUM(J$4:J$50) -> 0 | K52: =SUM(K$4:K$50) -> 0 | L52: =SUM(L$4:L$50) -> 0 | M52: =SUM(M$4:M$50) -> 0 | ... W52: =SUM(W$4:W$50) -> 0 | X52: =SUM(F52:W52) -> 0

Sheet Pendlebury, Jay
A1: RESOURCE LOADING — Pendlebury, Jay
A2: Enter FTE in the yellow cells. Leave Job # blank on the bottom rows to plan at client level.
A3: Job # | B3: Description | C3: Client | D3: Contract | E3: Trade | F3: 46270 | G3: 46277 | H3: 46284 | I3: 46291 | J3: 46298 | K3: 46305 | L3: 46312 | M3: 46319 | N3: 46326 | O3: 46333 | P3: 46340 | Q3: 46347 | R3: 46354 | S3: 46361 | T3: 46368 | U3: 46375 | V3: 46382 | W3: 46389 | X3: Total
A4: 01-25-128 | B4: Enbridge - refrigerant line - Hagar | C4: Enbridge Gas Inc | D4: FP | X4: =SUM(F4:W4) -> 0
A5: 01-24-085 | B5: Enbridge: Fabricate & install 1" pipe to tie-in point at Parkway | C5: Enbridge Gas Inc | D5: FP | X5: =SUM(F5:W5) -> 0
A6: 01-25-140 | B6: H.C. Starck - Kiln 1 Exhaust Header Replacement | C6: H.C. Starck Canada Inc. | D6: T&M | X6: =SUM(F6:W6) -> 0
X7: =SUM(F7:W7) -> 0
X8: =SUM(F8:W8) -> 0
X9: =SUM(F9:W9) -> 0
X10: =SUM(F10:W10) -> 0
X11: =SUM(F11:W11) -> 0
X12: =SUM(F12:W12) -> 0
X13: =SUM(F13:W13) -> 0
X14: =SUM(F14:W14) -> 0
X15: =SUM(F15:W15) -> 0
X16: =SUM(F16:W16) -> 0
X17: =SUM(F17:W17) -> 0
X18: =SUM(F18:W18) -> 0
... X31: =SUM(F31:W31) -> 0
A33: TOTAL FTE | F33: =SUM(F$4:F$31) -> 0 | G33: =SUM(G$4:G$31) -> 0 | H33: =SUM(H$4:H$31) -> 0 | I33: =SUM(I$4:I$31) -> 0 | J33: =SUM(J$4:J$31) -> 0 | K33: =SUM(K$4:K$31) -> 0 | L33: =SUM(L$4:L$31) -> 0 | M33: =SUM(M$4:M$31) -> 0 | ... W33: =SUM(W$4:W$31) -> 0 | X33: =SUM(F33:W33) -> 0

Sheet Poore, Jordan
A1: RESOURCE LOADING — Poore, Jordan
A2: Enter FTE in the yellow cells. Leave Job # blank on the bottom rows to plan at client level.
A3: Job # | B3: Description | C3: Client | D3: Contract | E3: Trade | F3: 46270 | G3: 46277 | H3: 46284 | I3: 46291 | J3: 46298 | K3: 46305 | L3: 46312 | M3: 46319 | N3: 46326 | O3: 46333 | P3: 46340 | Q3: 46347 | R3: 46354 | S3: 46361 | T3: 46368 | U3: 46375 | V3: 46382 | W3: 46389 | X3: Total
A4: 01-25-171 | B4: Ainsworth - QC Support for Ainsworth | C4: Ainsworth Technical LP | D4: T&M | X4: =SUM(F4:W4) -> 0
A5: 01-25-022 | B5: Arlanxeo - 2025 Arlanxeo WPS Development | C5: Arlanxeo Canada Inc. | D5: T&M | X5: =SUM(F5:W5) -> 0
A6: 01-26-200 | B6: CF - QA/QC Planner for fall TA | C6: CF Industries | D6: T&M | X6: =SUM(F6:W6) -> 0
A7: 01-25-137 | B7: Wolverine - Nuclear Certification | C7: Wolverine Engineering Ltd. | D7: T&M | X7: =SUM(F7:W7) -> 0
X8: =SUM(F8:W8) -> 0
X9: =SUM(F9:W9) -> 0
X10: =SUM(F10:W10) -> 0
X11: =SUM(F11:W11) -> 0
X12: =SUM(F12:W12) -> 0
X13: =SUM(F13:W13) -> 0
X14: =SUM(F14:W14) -> 0
X15: =SUM(F15:W15) -> 0
X16: =SUM(F16:W16) -> 0
X17: =SUM(F17:W17) -> 0
X18: =SUM(F18:W18) -> 0
X19: =SUM(F19:W19) -> 0
... X32: =SUM(F32:W32) -> 0
A34: TOTAL FTE | F34: =SUM(F$4:F$32) -> 0 | G34: =SUM(G$4:G$32) -> 0 | H34: =SUM(H$4:H$32) -> 0 | I34: =SUM(I$4:I$32) -> 0 | J34: =SUM(J$4:J$32) -> 0 | K34: =SUM(K$4:K$32) -> 0 | L34: =SUM(L$4:L$32) -> 0 | M34: =SUM(M$4:M$32) -> 0 | ... W34: =SUM(W$4:W$32) -> 0 | X34: =SUM(F34:W34) -> 0

Sheet Powers, Dave
A1: RESOURCE LOADING — Powers, Dave
A2: Enter FTE in the yellow cells. Leave Job # blank on the bottom rows to plan at client level.
A3: Job # | B3: Description | C3: Client | D3: Contract | E3: Trade | F3: 46270 | G3: 46277 | H3: 46284 | I3: 46291 | J3: 46298 | K3: 46305 | L3: 46312 | M3: 46319 | N3: 46326 | O3: 46333 | P3: 46340 | Q3: 46347 | R3: 46354 | S3: 46361 | T3: 46368 | U3: 46375 | V3: 46382 | W3: 46389 | X3: Total
A4: 01-25-129 | B4: Diamond - BOILERMAKER SUPPORT-DPCC MAINTENANCE | C4: Diamond Petrochemicals Canada | D4: T&M | X4: =SUM(F4:W4) -> 0
A5: 01-26-058 | B5: DOW - MA Tank Vent Extension | C5: Dow Chemical Canada Inc | D5: T&M | X5: =SUM(F5:W5) -> 0
